date,amount_raw,amount,amount_abs,currency,operation,merchant,details,bank,source_file,category,business_type,business_name,address,city
2025-05-29,"-15,992.00 ₸",-15992.0,15992.0,KZT,Acquiring,TOO GLASMAN TRADE 3,TOO GLASMAN TRADE 3 ASTANA,Freedom Bank Kazakhstan,freedom_en.pdf,,TOO,GLASMAN TRADE 3,ASTANA,ASTANA
2025-05-29,"-14,036.00 ₸",-14036.0,14036.0,KZT,Acquiring,MOLA COFFEE HOUSE,MOLA COFFEE HOUSE ASTANA KZ,Freedom Bank Kazakhstan,freedom_en.pdf,,,MOLA COFFEE HOUSE,ASTANA KZ,ASTANA
2025-05-29,"-5,991.00 ₸",-5991.0,5991.0,KZT,Acquiring,OUTFIT,OUTFIT NUR-SULTAN KZ,Freedom Bank Kazakhstan,freedom_en.pdf,,,OUTFIT,KZ,ASTANA
2025-05-29,"-29,610.00 ₸",-29610.0,29610.0,KZT,Acquiring,TOO UNIQLOAST,TOO UNIQLOAST ASTANA KZ,Freedom Bank Kazakhstan,freedom_en.pdf,,TOO,UNIQLOAST,ASTANA KZ,ASTANA
2025-05-29,"+250,000.00 ₸",250000.0,250000.0,KZT,Replenishment,,Между своими счетами,Freedom Bank Kazakhstan,freedom_en.pdf,,,,,
2025-05-30,-490.00 ₸,-490.0,490.0,KZT,Acquiring,IP GLOBAL MANAGEMENT,IP GLOBAL MANAGEMENT ASTANA KZ,Freedom Bank Kazakhstan,freedom_en.pdf,,IP,GLOBAL MANAGEMENT,ASTANA KZ,ASTANA
2025-05-31,"-1,010.00 ₸",-1010.0,1010.0,KZT,Acquiring,IP GLOBAL MANAGEMENT,IP GLOBAL MANAGEMENT ASTANA KZ,Freedom Bank Kazakhstan,freedom_en.pdf,,IP,GLOBAL MANAGEMENT,ASTANA KZ,ASTANA
2025-05-31,-936.00 ₸,-936.0,936.0,KZT,Acquiring,IP DANIYAROV A,IP DANIYAROV A ASTANA KZ,Freedom Bank Kazakhstan,freedom_en.pdf,,IP,DANIYAROV A,ASTANA KZ,ASTANA
2025-06-01,-600.00 ₸,-600.0,600.0,KZT,Acquiring,HP CANTEEN,HP CANTEEN NUR-SULTAN KZ,Freedom Bank Kazakhstan,freedom_en.pdf,,,HP CANTEEN,KZ,ASTANA
2025-06-01,-420.00 ₸,-420.0,420.0,KZT,Acquiring,IP DANIYAROV A,IP DANIYAROV A ASTANA KZ,Freedom Bank Kazakhstan,freedom_en.pdf,,IP,DANIYAROV A,ASTANA KZ,ASTANA
2025-06-02,"-1,000.00 ₸",-1000.0,1000.0,KZT,Acquiring,HP CANTEEN,HP CANTEEN NUR-SULTAN KZ,Freedom Bank Kazakhstan,freedom_en.pdf,,,HP CANTEEN,KZ,ASTANA
2025-06-02,"-1,380.00 ₸",-1380.0,1380.0,KZT,Acquiring,YANDEX.EDA,YANDEX.EDA ALMATY KZ,Freedom Bank Kazakhstan,freedom_en.pdf,,,YANDEX.EDA,ALMATY KZ,ALMATY
2025-06-02,+90.28 ₸,90.28,90.28,KZT,Replenishment,Пополнение. Выплата процентов по вкладу №,Пополнение. Выплата процентов по вкладу № KZ09551H600021891KZT от 29.05.2025 за период с 01-го по 30.09.25. Вкладчик Арстангалиев Рауан Арманұлы,Freedom Bank Kazakhstan,freedom_en.pdf,,,,,
2025-06-03,-600.00 ₸,-600.0,600.0,KZT,Acquiring,HP CANTEEN,HP CANTEEN NUR-SULTAN KZ,Freedom Bank Kazakhstan,freedom_en.pdf,,,HP CANTEEN,KZ,ASTANA
2025-06-03,-549.00 ₸,-549.0,549.0,KZT,Acquiring,MAGNUM.ASF46.KCO-1.,MAGNUM.ASF46.KCO-1. ASTANA KZ,Freedom Bank Kazakhstan,freedom_en.pdf,продукты,,MAGNUM.ASF46.KCO-1.,ASTANA KZ,ASTANA
2025-06-03,"-4,500.00 ₸",-4500.0,4500.0,KZT,Acquiring,AITMEN BARBERSHOP,AITMEN BARBERSHOP ASTANA Q. KZ,Freedom Bank Kazakhstan,freedom_en.pdf,,,AITMEN BARBERSHOP,ASTANA KZ,ASTANA
2025-06-03,"-37,000.00 ₸",-37000.0,37000.0,KZT,Transfer,,Между своими счетами,Freedom Bank Kazakhstan,freedom_en.pdf,,,,,
2025-06-03,-385.00 ₸,-385.0,385.0,KZT,Acquiring,IP GLOBAL MANAGEMENT,IP GLOBAL MANAGEMENT ASTANA KZ,Freedom Bank Kazakhstan,freedom_en.pdf,,IP,GLOBAL MANAGEMENT,ASTANA KZ,ASTANA
2025-06-03,-342.00 ₸,-342.0,342.0,KZT,Payment,Arbuz Group Арбуз Груп,ТОО Arbuz Group Арбуз Груп За оплату билета заказ 3839164,Freedom Bank Kazakhstan,freedom_en.pdf,,,,,
2025-06-03,"-13,000.00 ₸",-13000.0,13000.0,KZT,Payment,Arbuz Group Арбуз Груп,ТОО Arbuz Group Арбуз Груп За оплату билета заказ 3839164,Freedom Bank Kazakhstan,freedom_en.pdf,,,,,
2025-06-03,-600.00 ₸,-600.0,600.0,KZT,Acquiring,IP DANIYAROV A,IP DANIYAROV A ASTANA KZ,Freedom Bank Kazakhstan,freedom_en.pdf,,IP,DANIYAROV A,ASTANA KZ,ASTANA
2025-06-04,-350.00 ₸,-350.0,350.0,KZT,Acquiring,IP GLOBAL MANAGEMENT,IP GLOBAL MANAGEMENT ASTANA KZ,Freedom Bank Kazakhstan,freedom_en.pdf,,IP,GLOBAL MANAGEMENT,ASTANA KZ,ASTANA
2025-06-05,-550.00 ₸,-550.0,550.0,KZT,Acquiring,HP CANTEEN,HP CANTEEN NUR-SULTAN KZ,Freedom Bank Kazakhstan,freedom_en.pdf,,,HP CANTEEN,KZ,ASTANA
2025-06-07,"-3,080.00 ₸",-3080.0,3080.0,KZT,Acquiring,IP BAYDYKANOV,IP BAYDYKANOV ASTANA KZ,Freedom Bank Kazakhstan,freedom_en.pdf,,IP,BAYDYKANOV,ASTANA KZ,ASTANA
2025-06-07,"-6,137.00 ₸",-6137.0,6137.0,KZT,Acquiring,IP DINARA PAVLODAR,IP DINARA PAVLODAR KZ,Freedom Bank Kazakhstan,freedom_en.pdf,,IP,DINARA,PAVLODAR KZ,PAVLODAR
2025-06-08,-200.00 ₸,-200.0,200.0,KZT,Acquiring,HP CANTEEN,HP CANTEEN NUR-SULTAN KZ,Freedom Bank Kazakhstan,freedom_en.pdf,,,HP CANTEEN,KZ,ASTANA
2025-06-09,"-1,850.00 ₸",-1850.0,1850.0,KZT,Acquiring,HP CANTEEN,HP CANTEEN NUR-SULTAN KZ,Freedom Bank Kazakhstan,freedom_en.pdf,,,HP CANTEEN,KZ,ASTANA
2025-06-09,-700.00 ₸,-700.0,700.0,KZT,Acquiring,IP GLOBAL MANAGEMENT,IP GLOBAL MANAGEMENT ASTANA KZ,Freedom Bank Kazakhstan,freedom_en.pdf,,IP,GLOBAL MANAGEMENT,ASTANA KZ,ASTANA
2025-06-11,-850.00 ₸,-850.0,850.0,KZT,Acquiring,IP BERSINOVA S.IM.B.MOMYSH,IP BERSINOVA S.IM.B.MOMYSH KZ,Freedom Bank Kazakhstan,freedom_en.pdf,,IP,BERSINOVA S.IM.B.MOMYSH,KZ,
2025-06-11,-515.00 ₸,-515.0,515.0,KZT,Acquiring,IP BERSINOVA S.IM.B.MOMYSH,IP BERSINOVA S.IM.B.MOMYSH KZ,Freedom Bank Kazakhstan,freedom_en.pdf,,IP,BERSINOVA S.IM.B.MOMYSH,KZ,
2025-06-11,-385.00 ₸,-385.0,385.0,KZT,Acquiring,IP GLOBAL MANAGEMENT,IP GLOBAL MANAGEMENT ASTANA KZ,Freedom Bank Kazakhstan,freedom_en.pdf,,IP,GLOBAL MANAGEMENT,ASTANA KZ,ASTANA
2025-06-11,-700.00 ₸,-700.0,700.0,KZT,Acquiring,FREEDOM TRAVEL,FREEDOM TRAVEL ALMATY KZ,Freedom Bank Kazakhstan,freedom_en.pdf,,,FREEDOM TRAVEL,ALMATY KZ,ALMATY
2025-06-12,-429.00 ₸,-429.0,429.0,KZT,Acquiring,MAGNUM.ASF46.KCO-1.,MAGNUM.ASF46.KCO-1. ASTANA KZ,Freedom Bank Kazakhstan,freedom_en.pdf,продукты,,MAGNUM.ASF46.KCO-1.,ASTANA KZ,ASTANA
2025-06-12,"+30,000.00 ₸",30000.0,30000.0,KZT,Replenishment,,Перевод с карты на карту,Freedom Bank Kazakhstan,freedom_en.pdf,переводы,,,,
2025-06-12,"-18,199.00 ₸",-18199.0,18199.0,KZT,Acquiring,FREEDOM TRAVEL,FREEDOM TRAVEL ALMATY KZ,Freedom Bank Kazakhstan,freedom_en.pdf,,,FREEDOM TRAVEL,ALMATY KZ,ALMATY
2025-06-13,-429.00 ₸,-429.0,429.0,KZT,Acquiring,MAGNUM.ASF46.KCO-1.,MAGNUM.ASF46.KCO-1. ASTANA KZ,Freedom Bank Kazakhstan,freedom_en.pdf,продукты,,MAGNUM.ASF46.KCO-1.,ASTANA KZ,ASTANA
2025-06-13,"-1,040.00 ₸",-1040.0,1040.0,KZT,Acquiring,IP BERSINOVA S.IM.B.MOMYSH,IP BERSINOVA S.IM.B.MOMYSH KZ,Freedom Bank Kazakhstan,freedom_en.pdf,,IP,BERSINOVA S.IM.B.MOMYSH,KZ,
2025-06-13,-385.00 ₸,-385.0,385.0,KZT,Acquiring,IP GLOBAL MANAGEMENT,IP GLOBAL MANAGEMENT ASTANA KZ,Freedom Bank Kazakhstan,freedom_en.pdf,,IP,GLOBAL MANAGEMENT,ASTANA KZ,ASTANA
2025-06-14,"-1,538.00 ₸",-1538.0,1538.0,KZT,Acquiring,MAGNUM CASH CARRY NF46,MAGNUM CASH CARRY NF46 NUR-SULTAN,Freedom Bank Kazakhstan,freedom_en.pdf,продукты,,MAGNUM CASH CARRY NF46,,ASTANA
2025-06-14,"-1,300.00 ₸",-1300.0,1300.0,KZT,Acquiring,HP CANTEEN,HP CANTEEN NUR-SULTAN KZ,Freedom Bank Kazakhstan,freedom_en.pdf,,,HP CANTEEN,KZ,ASTANA
2025-06-14,-462.00 ₸,-462.0,462.0,KZT,Acquiring,MAGNUM.ASF46.KCO-1.,MAGNUM.ASF46.KCO-1. ASTANA KZ,Freedom Bank Kazakhstan,freedom_en.pdf,продукты,,MAGNUM.ASF46.KCO-1.,ASTANA KZ,ASTANA
2025-06-16,"-1,340.00 ₸",-1340.0,1340.0,KZT,Acquiring,IP GLOBAL MANAGEMENT,IP GLOBAL MANAGEMENT ASTANA KZ,Freedom Bank Kazakhstan,freedom_en.pdf,,IP,GLOBAL MANAGEMENT,ASTANA KZ,ASTANA
2025-06-17,-455.00 ₸,-455.0,455.0,KZT,Acquiring,IP DANIYAROV A,IP DANIYAROV A ASTANA KZ,Freedom Bank Kazakhstan,freedom_en.pdf,,IP,DANIYAROV A,ASTANA KZ,ASTANA
2025-06-17,-645.00 ₸,-645.0,645.0,KZT,Acquiring,MAGNUM.ASF46.KCO-1.,MAGNUM.ASF46.KCO-1. ASTANA KZ,Freedom Bank Kazakhstan,freedom_en.pdf,продукты,,MAGNUM.ASF46.KCO-1.,ASTANA KZ,ASTANA
2025-06-17,-20.00 $,-20.0,20.0,USD,Acquiring,CURSOR AI POWERED IDE 18314259504,CURSOR AI POWERED IDE 18314259504,Freedom Bank Kazakhstan,freedom_en.pdf,,,CURSOR AI POWERED IDE 18314259504,,
2025-06-17,"-1,750.00 ₸",-1750.0,1750.0,KZT,Acquiring,HP CANTEEN,HP CANTEEN NUR-SULTAN KZ,Freedom Bank Kazakhstan,freedom_en.pdf,,,HP CANTEEN,KZ,ASTANA
2025-06-18,"-1,030.00 ₸",-1030.0,1030.0,KZT,Acquiring,IP BERSINOVA S.IM.B.MOMYSH,IP BERSINOVA S.IM.B.MOMYSH KZ,Freedom Bank Kazakhstan,freedom_en.pdf,,IP,BERSINOVA S.IM.B.MOMYSH,KZ,
2025-06-18,-700.00 ₸,-700.0,700.0,KZT,Acquiring,HP CANTEEN,HP CANTEEN NUR-SULTAN KZ,Freedom Bank Kazakhstan,freedom_en.pdf,,,HP CANTEEN,KZ,ASTANA
2025-06-18,-560.00 ₸,-560.0,560.0,KZT,Acquiring,IP BERSINOVA S.IM.B.MOMYSH,IP BERSINOVA S.IM.B.MOMYSH KZ,Freedom Bank Kazakhstan,freedom_en.pdf,,IP,BERSINOVA S.IM.B.MOMYSH,KZ,
2025-06-18,-409.00 ₸,-409.0,409.0,KZT,Acquiring,MAGNUM.ASF46.KCO-1.,MAGNUM.ASF46.KCO-1. ASTANA KZ,Freedom Bank Kazakhstan,freedom_en.pdf,продукты,,MAGNUM.ASF46.KCO-1.,ASTANA KZ,ASTANA
2025-06-19,"-1,290.00 ₸",-1290.0,1290.0,KZT,Acquiring,IP GLOBAL MANAGEMENT,IP GLOBAL MANAGEMENT ASTANA KZ,Freedom Bank Kazakhstan,freedom_en.pdf,,IP,GLOBAL MANAGEMENT,ASTANA KZ,ASTANA
2025-06-20,-420.00 ₸,-420.0,420.0,KZT,Acquiring,IP DANIYAROV A,IP DANIYAROV A ASTANA KZ,Freedom Bank Kazakhstan,freedom_en.pdf,,IP,DANIYAROV A,ASTANA KZ,ASTANA
2025-06-20,-575.00 ₸,-575.0,575.0,KZT,Acquiring,IP DANIYAROV A,IP DANIYAROV A ASTANA KZ,Freedom Bank Kazakhstan,freedom_en.pdf,,IP,DANIYAROV A,ASTANA KZ,ASTANA
2025-06-20,"-4,347.00 ₸",-4347.0,4347.0,KZT,Acquiring,SUPERMARKET GALMART,SUPERMARKET GALMART NUR-SULTAN KZ,Freedom Bank Kazakhstan,freedom_en.pdf,продукты,,SUPERMARKET GALMART,KZ,ASTANA
2025-06-20,-350.00 ₸,-350.0,350.0,KZT,Acquiring,IP GLOBAL MANAGEMENT,IP GLOBAL MANAGEMENT ASTANA KZ,Freedom Bank Kazakhstan,freedom_en.pdf,,IP,GLOBAL MANAGEMENT,ASTANA KZ,ASTANA
2025-06-21,"-1,900.00 ₸",-1900.0,1900.0,KZT,Acquiring,IP MAZHITOV,IP MAZHITOV ASTANA KZ,Freedom Bank Kazakhstan,freedom_en.pdf,,IP,MAZHITOV,ASTANA KZ,ASTANA
2025-06-21,"-1,375.00 ₸",-1375.0,1375.0,KZT,Acquiring,IP GLOBAL MANAGEMENT,IP GLOBAL MANAGEMENT ASTANA KZ,Freedom Bank Kazakhstan,freedom_en.pdf,,IP,GLOBAL MANAGEMENT,ASTANA KZ,ASTANA
2025-06-22,"-1,240.00 ₸",-1240.0,1240.0,KZT,Acquiring,YANDEX.EDA,YANDEX.EDA ALMATY KZ,Freedom Bank Kazakhstan,freedom_en.pdf,,,YANDEX.EDA,ALMATY KZ,ALMATY
2025-06-25,"-4,820.00 ₸",-4820.0,4820.0,KZT,Acquiring,TOO K A A N,TOO K A A N,Freedom Bank Kazakhstan,freedom_en.pdf,,TOO,K A A N,,
2025-06-25,"-9,929.00 ₸",-9929.0,9929.0,KZT,Payment,Aviata,ТОО Aviata За оплату билета заказ 192433397,Freedom Bank Kazakhstan,freedom_en.pdf,онлайн-сервисы,,,,
2025-06-25,"-20,887.00 ₸",-20887.0,20887.0,KZT,Acquiring,FREEDOM TRAVEL,FREEDOM TRAVEL ALMATY KZ,Freedom Bank Kazakhstan,freedom_en.pdf,,,FREEDOM TRAVEL,ALMATY KZ,ALMATY
2025-06-25,-700.00 ₸,-700.0,700.0,KZT,Acquiring,FREEDOM TRAVEL,FREEDOM TRAVEL ALMATY KZ,Freedom Bank Kazakhstan,freedom_en.pdf,,,FREEDOM TRAVEL,ALMATY KZ,ALMATY
2025-06-26,"-25,300.00 ₸",-25300.0,25300.0,KZT,Transfer,,Перевод с карты на карту,Freedom Bank Kazakhstan,freedom_en.pdf,переводы,,,,
2025-06-26,"-25,125.00 ₸",-25125.0,25125.0,KZT,Acquiring,IP BUTYRSKAYA G.A. TARAZ,IP BUTYRSKAYA G.A. TARAZ KZ,Freedom Bank Kazakhstan,freedom_en.pdf,,IP,BUTYRSKAYA G.A.,TARAZ KZ,TARAZ
2025-06-26,"+80,000.00 ₸",80000.0,80000.0,KZT,Replenishment,,Перевод с карты на карту,Freedom Bank Kazakhstan,freedom_en.pdf,переводы,,,,
2025-06-27,"-3,000.00 ₸",-3000.0,3000.0,KZT,Transfer,,Перевод с карты на карту,Freedom Bank Kazakhstan,freedom_en.pdf,переводы,,,,
2025-07-02,"-1,450.00 ₸",-1450.0,1450.0,KZT,Acquiring,IP GLOBAL TEAM TARAZ,IP GLOBAL TEAM TARAZ KZ,Freedom Bank Kazakhstan,freedom_en.pdf,,IP,GLOBAL TEAM,TARAZ KZ,TARAZ
2025-07-02,"-10,000.00 ₸",-10000.0,10000.0,KZT,Transfer,,Перевод с карты на карту,Freedom Bank Kazakhstan,freedom_en.pdf,переводы,,,,
2025-07-04,-500.00 ₸,-500.0,500.0,KZT,Acquiring,IP KOSANOV ZHARYSH TARAZ,IP KOSANOV ZHARYSH TARAZ KZ,Freedom Bank Kazakhstan,freedom_en.pdf,,IP,KOSANOV ZHARYSH,TARAZ KZ,TARAZ
2025-07-04,"-3,280.00 ₸",-3280.0,3280.0,KZT,Acquiring,HALIL TARAZ,HALIL TARAZ KZ,Freedom Bank Kazakhstan,freedom_en.pdf,,,HALIL,TARAZ KZ,TARAZ
2025-07-05,"-1,557.00 ₸",-1557.0,1557.0,KZT,Acquiring,MAGNUM AF-13-KSO-1,MAGNUM AF-13-KSO-1 ALMATY KZ,Freedom Bank Kazakhstan,freedom_en.pdf,продукты,,MAGNUM AF-13-KSO-1,ALMATY KZ,ALMATY
2025-07-05,-730.00 ₸,-730.0,730.0,KZT,Acquiring,YANDEX.EDA,YANDEX.EDA ALMATY KZ,Freedom Bank Kazakhstan,freedom_en.pdf,,,YANDEX.EDA,ALMATY KZ,ALMATY
2025-07-05,"-2,050.00 ₸",-2050.0,2050.0,KZT,Acquiring,YANDEX.EDA,YANDEX.EDA ALMATY KZ,Freedom Bank Kazakhstan,freedom_en.pdf,,,YANDEX.EDA,ALMATY KZ,ALMATY
2025-07-05,"-1,970.00 ₸",-1970.0,1970.0,KZT,Acquiring,YANDEX.EDA,YANDEX.EDA ALMATY KZ,Freedom Bank Kazakhstan,freedom_en.pdf,,,YANDEX.EDA,ALMATY KZ,ALMATY
2025-07-05,"-5,250.00 ₸",-5250.0,5250.0,KZT,Acquiring,NUR-SULTAN,JetPay Dodopizza.kz NUR-SULTAN KZ,Freedom Bank Kazakhstan,freedom_en.pdf,,,JetPay Dodopizza.kz,KZ,ASTANA
2025-07-05,-390.00 ₸,-390.0,390.0,KZT,Acquiring,TOO STREET FOOD,TOO STREET FOOD ALMATY ALMATY,Freedom Bank Kazakhstan,freedom_en.pdf,еда,TOO,STREET FOOD ALMATY,ALMATY,ALMATY
2025-07-05,-120.00 ₸,-120.0,120.0,KZT,Acquiring,MOMYSHULY STATION 1,MOMYSHULY STATION 1 ALMATY KZ,Freedom Bank Kazakhstan,freedom_en.pdf,,,MOMYSHULY STATION 1,ALMATY KZ,ALMATY
2025-07-05,-300.00 ₸,-300.0,300.0,KZT,Acquiring,ONAY.KZ,ONAY.KZ ALMATY KZ,Freedom Bank Kazakhstan,freedom_en.pdf,,,ONAY.KZ,ALMATY KZ,ALMATY
2025-07-05,-120.00 ₸,-120.0,120.0,KZT,Acquiring,RAYMBEK STATION2,RAYMBEK STATION2 ALMATY KZ,Freedom Bank Kazakhstan,freedom_en.pdf,,,RAYMBEK STATION2,ALMATY KZ,ALMATY
2025-07-05,"-2,120.00 ₸",-2120.0,2120.0,KZT,Acquiring,SHERBET,SHERBET ALMATY KZ,Freedom Bank Kazakhstan,freedom_en.pdf,,,SHERBET,ALMATY KZ,ALMATY
2025-07-06,"-17,000.00 ₸",-17000.0,17000.0,KZT,Transfer,,Перевод с карты на карту,Freedom Bank Kazakhstan,freedom_en.pdf,переводы,,,,
2025-07-06,"-1,650.00 ₸",-1650.0,1650.0,KZT,Acquiring,YANDEX.EDA,YANDEX.EDA ALMATY KZ,Freedom Bank Kazakhstan,freedom_en.pdf,,,YANDEX.EDA,ALMATY KZ,ALMATY
2025-07-07,"-2,900.00 ₸",-2900.0,2900.0,KZT,Acquiring,ATA DONER CAFE,ATA DONER CAFE ALMATY KZ,Freedom Bank Kazakhstan,freedom_en.pdf,еда,,ATA DONER CAFE,ALMATY KZ,ALMATY
2025-07-07,"-1,160.00 ₸",-1160.0,1160.0,KZT,Acquiring,YANDEX.EDA,YANDEX.EDA ALMATY KZ,Freedom Bank Kazakhstan,freedom_en.pdf,,,YANDEX.EDA,ALMATY KZ,ALMATY
2025-07-07,"-2,008.00 ₸",-2008.0,2008.0,KZT,Acquiring,GALMART DOSTYK SUPERMA 7,GALMART DOSTYK SUPERMA 7 ALMATY,Freedom Bank Kazakhstan,freedom_en.pdf,,,GALMART,DOSTYK SUPERMA 7 ALMATY,ALMATY
2025-07-07,"-5,450.00 ₸",-5450.0,5450.0,KZT,Acquiring,QSR LLP. DOSTYK PLAZA Almaty,QSR LLP. DOSTYK PLAZA Almaty,Freedom Bank Kazakhstan,freedom_en.pdf,,LLP,QSR,DOSTYK PLAZA Almaty,ALMATY
2025-07-07,"-2,440.00 ₸",-2440.0,2440.0,KZT,Acquiring,YANDEX.EDA,YANDEX.EDA ALMATY KZ,Freedom Bank Kazakhstan,freedom_en.pdf,,,YANDEX.EDA,ALMATY KZ,ALMATY
2025-07-07,-700.00 ₸,-700.0,700.0,KZT,Acquiring,FREEDOM TRAVEL,FREEDOM TRAVEL ALMATY KZ,Freedom Bank Kazakhstan,freedom_en.pdf,,,FREEDOM TRAVEL,ALMATY KZ,ALMATY
2025-07-08,-410.00 ₸,-410.0,410.0,KZT,Acquiring,IP BERSINOVA S.IM.B.MOMYSH,IP BERSINOVA S.IM.B.MOMYSH KZ,Freedom Bank Kazakhstan,freedom_en.pdf,,IP,BERSINOVA S.IM.B.MOMYSH,KZ,
2025-07-08,"-3,553.00 ₸",-3553.0,3553.0,KZT,Acquiring,MAGNUM CASH CARRY NF46,MAGNUM CASH CARRY NF46 NUR-SULTAN,Freedom Bank Kazakhstan,freedom_en.pdf,продукты,,MAGNUM CASH CARRY NF46,,ASTANA
2025-07-09,-770.00 ₸,-770.0,770.0,KZT,Acquiring,IP GLOBAL MANAGEMENT,IP GLOBAL MANAGEMENT ASTANA KZ,Freedom Bank Kazakhstan,freedom_en.pdf,,IP,GLOBAL MANAGEMENT,ASTANA KZ,ASTANA
2025-07-09,+5.35 $,5.35,5.35,USD,Acquiring,"Возврат. Отмена покупки CURSOR, AI","Возврат. Отмена покупки CURSOR, AI",Freedom Bank Kazakhstan,freedom_en.pdf,,,"Возврат. Отмена покупки CURSOR, AI",,
2025-07-10,"-6,208.00 ₸",-6208.0,6208.0,KZT,Acquiring,MAGNUM.ASF46.KCO-1.,MAGNUM.ASF46.KCO-1. ASTANA KZ,Freedom Bank Kazakhstan,freedom_en.pdf,продукты,,MAGNUM.ASF46.KCO-1.,ASTANA KZ,ASTANA
2025-07-10,"+200,000.00 ₸",200000.0,200000.0,KZT,Replenishment,,Перевод с карты на карту,Freedom Bank Kazakhstan,freedom_en.pdf,переводы,,,,
2025-07-11,"-1,735.00 ₸",-1735.0,1735.0,KZT,Acquiring,IP SMAGULOVA M,IP SMAGULOVA M ASTANA Q.,Freedom Bank Kazakhstan,freedom_en.pdf,,IP,SMAGULOVA M,ASTANA,ASTANA
2025-07-11,"-1,000.00 ₸",-1000.0,1000.0,KZT,Acquiring,IP SMAGULOVA M,IP SMAGULOVA M ASTANA Q.,Freedom Bank Kazakhstan,freedom_en.pdf,,IP,SMAGULOVA M,ASTANA,ASTANA
2025-07-11,"-7,000.00 ₸",-7000.0,7000.0,KZT,Acquiring,OSTROVOK,OSTROVOK ASTANA CASES ASTANA KZ,Freedom Bank Kazakhstan,freedom_en.pdf,,,OSTROVOK ASTANA CASES,ASTANA KZ,ASTANA
2025-07-11,"-2,335.00 ₸",-2335.0,2335.0,KZT,Acquiring,GALMART SUPERMARKET KASS,GALMART SUPERMARKET KASS ASTANA KZ,Freedom Bank Kazakhstan,freedom_en.pdf,продукты,,GALMART SUPERMARKET KASS,ASTANA KZ,ASTANA
2025-07-11,"-7,310.00 ₸",-7310.0,7310.0,KZT,Acquiring,NUR-SULTAN,JetPay Dodopizza.kz NUR-SULTAN KZ,Freedom Bank Kazakhstan,freedom_en.pdf,,,JetPay Dodopizza.kz,KZ,ASTANA
2025-07-11,-475.00 ₸,-475.0,475.0,KZT,Acquiring,IP BERSINOVA S.IM.B.MOMYSH,IP BERSINOVA S.IM.B.MOMYSH KZ,Freedom Bank Kazakhstan,freedom_en.pdf,,IP,BERSINOVA S.IM.B.MOMYSH,KZ,
2025-07-11,"-1,365.00 ₸",-1365.0,1365.0,KZT,Acquiring,IP BERSINOVA S.IM.B.MOMYSH,IP BERSINOVA S.IM.B.MOMYSH KZ,Freedom Bank Kazakhstan,freedom_en.pdf,,IP,BERSINOVA S.IM.B.MOMYSH,KZ,
2025-07-12,"-1,180.00 ₸",-1180.0,1180.0,KZT,Acquiring,YANDEX.EDA,YANDEX.EDA ALMATY KZ,Freedom Bank Kazakhstan,freedom_en.pdf,,,YANDEX.EDA,ALMATY KZ,ALMATY
2025-07-12,"-1,010.00 ₸",-1010.0,1010.0,KZT,Acquiring,YANDEX.EDA,YANDEX.EDA ALMATY KZ,Freedom Bank Kazakhstan,freedom_en.pdf,,,YANDEX.EDA,ALMATY KZ,ALMATY
2025-07-12,"-11,000.00 ₸",-11000.0,11000.0,KZT,Acquiring,OKADZAKI.KZ,OKADZAKI.KZ ASTANA KZ,Freedom Bank Kazakhstan,freedom_en.pdf,,,OKADZAKI.KZ,ASTANA KZ,ASTANA
2025-07-12,-250.00 ₸,-250.0,250.0,KZT,Acquiring,IP AYASHEVA GULDANA LES EK,IP AYASHEVA GULDANA LES EK,Freedom Bank Kazakhstan,freedom_en.pdf,,IP,AYASHEVA GULDANA LES EK,,
2025-07-12,"-5,960.00 ₸",-5960.0,5960.0,KZT,Acquiring,TOO KOFE LOVE,TOO KOFE LOVE ASTANA KZ,Freedom Bank Kazakhstan,freedom_en.pdf,,TOO,KOFE LOVE,ASTANA KZ,ASTANA
2025-07-12,-180.00 ₸,-180.0,180.0,KZT,Acquiring,IP AYASHEVA GULDANA LES EK,IP AYASHEVA GULDANA LES EK,Freedom Bank Kazakhstan,freedom_en.pdf,,IP,AYASHEVA GULDANA LES EK,,
2025-07-12,"-1,205.00 ₸",-1205.0,1205.0,KZT,Acquiring,TOO KOFE LOVE,TOO KOFE LOVE ASTANA KZ,Freedom Bank Kazakhstan,freedom_en.pdf,,TOO,KOFE LOVE,ASTANA KZ,ASTANA
2025-07-12,"-2,090.00 ₸",-2090.0,2090.0,KZT,Acquiring,TOO KOFE LOVE,TOO KOFE LOVE ASTANA KZ,Freedom Bank Kazakhstan,freedom_en.pdf,,TOO,KOFE LOVE,ASTANA KZ,ASTANA
2025-07-12,"-14,167.00 ₸",-14167.0,14167.0,KZT,Acquiring,SMALLAST11 SUPERMARK,SMALLAST11 SUPERMARK ASTANA KZ,Freedom Bank Kazakhstan,freedom_en.pdf,продукты,,SMALLAST11 SUPERMARK,ASTANA KZ,ASTANA
2025-07-12,-920.00 ₸,-920.0,920.0,KZT,Acquiring,IP DANIYAROV A,IP DANIYAROV A ASTANA KZ,Freedom Bank Kazakhstan,freedom_en.pdf,,IP,DANIYAROV A,ASTANA KZ,ASTANA
2025-07-13,"-1,520.00 ₸",-1520.0,1520.0,KZT,Acquiring,IP MUKAZHANOVA,IP MUKAZHANOVA NUR-SULTAN KZ,Freedom Bank Kazakhstan,freedom_en.pdf,,IP,MUKAZHANOVA,KZ,ASTANA
2025-07-13,-500.00 ₸,-500.0,500.0,KZT,Acquiring,IP MUKAZHANOVA,IP MUKAZHANOVA NUR-SULTAN KZ,Freedom Bank Kazakhstan,freedom_en.pdf,,IP,MUKAZHANOVA,KZ,ASTANA
2025-07-14,"-1,850.00 ₸",-1850.0,1850.0,KZT,Acquiring,IP GLOBAL MANAGEMENT,IP GLOBAL MANAGEMENT ASTANA KZ,Freedom Bank Kazakhstan,freedom_en.pdf,,IP,GLOBAL MANAGEMENT,ASTANA KZ,ASTANA
2025-07-14,-420.00 ₸,-420.0,420.0,KZT,Acquiring,IP DANIYAROV A,IP DANIYAROV A ASTANA KZ,Freedom Bank Kazakhstan,freedom_en.pdf,,IP,DANIYAROV A,ASTANA KZ,ASTANA
2025-07-15,"-1,300.00 ₸",-1300.0,1300.0,KZT,Acquiring,TOO ASTANA CAKE SHOPS STANA,TOO ASTANA CAKE SHOPS STANA,Freedom Bank Kazakhstan,freedom_en.pdf,,TOO,,ASTANA CAKE SHOPS STANA,ASTANA
2025-07-15,-550.00 ₸,-550.0,550.0,KZT,Acquiring,IP BERSINOVA S.IM.B.MOMYSH,IP BERSINOVA S.IM.B.MOMYSH KZ,Freedom Bank Kazakhstan,freedom_en.pdf,,IP,BERSINOVA S.IM.B.MOMYSH,KZ,
2025-07-15,-350.00 ₸,-350.0,350.0,KZT,Acquiring,IP GLOBAL MANAGEMENT,IP GLOBAL MANAGEMENT ASTANA KZ,Freedom Bank Kazakhstan,freedom_en.pdf,,IP,GLOBAL MANAGEMENT,ASTANA KZ,ASTANA
2025-07-16,"-3,933.00 ₸",-3933.0,3933.0,KZT,Acquiring,MAGNUM.ASF46.KCO-1.,MAGNUM.ASF46.KCO-1. ASTANA KZ,Freedom Bank Kazakhstan,freedom_en.pdf,продукты,,MAGNUM.ASF46.KCO-1.,ASTANA KZ,ASTANA
2025-07-16,"-1,200.00 ₸",-1200.0,1200.0,KZT,Acquiring,IP GLOBAL MANAGEMENT,IP GLOBAL MANAGEMENT ASTANA KZ,Freedom Bank Kazakhstan,freedom_en.pdf,,IP,GLOBAL MANAGEMENT,ASTANA KZ,ASTANA
2025-07-16,-560.00 ₸,-560.0,560.0,KZT,Acquiring,IP BERSINOVA S.IM.B.MOMYSH,IP BERSINOVA S.IM.B.MOMYSH KZ,Freedom Bank Kazakhstan,freedom_en.pdf,,IP,BERSINOVA S.IM.B.MOMYSH,KZ,
2025-07-17,-350.00 ₸,-350.0,350.0,KZT,Acquiring,IP GLOBAL MANAGEMENT,IP GLOBAL MANAGEMENT ASTANA KZ,Freedom Bank Kazakhstan,freedom_en.pdf,,IP,GLOBAL MANAGEMENT,ASTANA KZ,ASTANA
2025-07-17,"-1,125.00 ₸",-1125.0,1125.0,KZT,Acquiring,SUPERMARKET GALMART,SUPERMARKET GALMART NUR-SULTAN KZ,Freedom Bank Kazakhstan,freedom_en.pdf,продукты,,SUPERMARKET GALMART,KZ,ASTANA
2025-07-18,-850.00 ₸,-850.0,850.0,KZT,Acquiring,IP BERSINOVA S.IM.B.MOMYSH,IP BERSINOVA S.IM.B.MOMYSH KZ,Freedom Bank Kazakhstan,freedom_en.pdf,,IP,BERSINOVA S.IM.B.MOMYSH,KZ,
2025-07-19,"-1,880.00 ₸",-1880.0,1880.0,KZT,Acquiring,BAIGULINOVA,BAIGULINOVA ASTANA KZ,Freedom Bank Kazakhstan,freedom_en.pdf,,,BAIGULINOVA,ASTANA KZ,ASTANA
2025-07-19,"-2,793.00 ₸",-2793.0,2793.0,KZT,Acquiring,SMALLAST11 SUPERMARK,SMALLAST11 SUPERMARK ASTANA KZ,Freedom Bank Kazakhstan,freedom_en.pdf,продукты,,SMALLAST11 SUPERMARK,ASTANA KZ,ASTANA
2025-07-19,"-3,911.00 ₸",-3911.0,3911.0,KZT,Acquiring,LEONARDO,LEONARDO NUR-SULTAN KZ,Freedom Bank Kazakhstan,freedom_en.pdf,,,LEONARDO,KZ,ASTANA
2025-07-19,"-4,500.00 ₸",-4500.0,4500.0,KZT,Acquiring,MAGAZIN PRODUKTY,MAGAZIN PRODUKTY ASTANA Q. KZ,Freedom Bank Kazakhstan,freedom_en.pdf,,,MAGAZIN PRODUKTY,ASTANA KZ,ASTANA
2025-07-19,-310.00 ₸,-310.0,310.0,KZT,Acquiring,IP GLOBAL MANAGEMENT,IP GLOBAL MANAGEMENT ASTANA KZ,Freedom Bank Kazakhstan,freedom_en.pdf,,IP,GLOBAL MANAGEMENT,ASTANA KZ,ASTANA
2025-07-20,-515.00 ₸,-515.0,515.0,KZT,Acquiring,IP BERSINOVA S.IM.B.MOMYSH,IP BERSINOVA S.IM.B.MOMYSH KZ,Freedom Bank Kazakhstan,freedom_en.pdf,,IP,BERSINOVA S.IM.B.MOMYSH,KZ,
2025-07-20,-610.00 ₸,-610.0,610.0,KZT,Acquiring,IP BERSINOVA S.IM.B.MOMYSH,IP BERSINOVA S.IM.B.MOMYSH KZ,Freedom Bank Kazakhstan,freedom_en.pdf,,IP,BERSINOVA S.IM.B.MOMYSH,KZ,
2025-07-21,-935.00 ₸,-935.0,935.0,KZT,Acquiring,IP BERSINOVA S.IM.B.MOMYSH,IP BERSINOVA S.IM.B.MOMYSH KZ,Freedom Bank Kazakhstan,freedom_en.pdf,,IP,BERSINOVA S.IM.B.MOMYSH,KZ,
2025-07-21,-350.00 ₸,-350.0,350.0,KZT,Acquiring,IP GLOBAL MANAGEMENT,IP GLOBAL MANAGEMENT ASTANA KZ,Freedom Bank Kazakhstan,freedom_en.pdf,,IP,GLOBAL MANAGEMENT,ASTANA KZ,ASTANA
2025-07-22,"-4,960.00 ₸",-4960.0,4960.0,KZT,Acquiring,COFFEE BAR,COFFEE BAR ASTANA KZ,Freedom Bank Kazakhstan,freedom_en.pdf,,,COFFEE BAR,ASTANA KZ,ASTANA
2025-07-22,-850.00 ₸,-850.0,850.0,KZT,Acquiring,IP GLOBAL MANAGEMENT,IP GLOBAL MANAGEMENT ASTANA KZ,Freedom Bank Kazakhstan,freedom_en.pdf,,IP,GLOBAL MANAGEMENT,ASTANA KZ,ASTANA
2025-07-23,-905.00 ₸,-905.0,905.0,KZT,Acquiring,IP GLOBAL MANAGEMENT,IP GLOBAL MANAGEMENT ASTANA KZ,Freedom Bank Kazakhstan,freedom_en.pdf,,IP,GLOBAL MANAGEMENT,ASTANA KZ,ASTANA
2025-07-23,-800.00 ₸,-800.0,800.0,KZT,Acquiring,IP BERSINOVA S.IM.B.MOMYSH,IP BERSINOVA S.IM.B.MOMYSH KZ,Freedom Bank Kazakhstan,freedom_en.pdf,,IP,BERSINOVA S.IM.B.MOMYSH,KZ,
2025-07-23,+511.01 ₸,511.01,511.01,KZT,Others,,Плательщик:Арстангалиев Рауан Арманұлы Получатель:Арстангалиев Рауан Арманұлы Назначение: Выплата вклада по Договору № KZ36551H600021776KZT от 29.05.2025. Вкладчик: Арстангалиев Рауан Арманұлы,Freedom Bank Kazakhstan,freedom_en.pdf,,,,,
2025-07-23,"+160,000.00 ₸",160000.0,160000.0,KZT,Replenishment,,Перевод с карты на карту,Freedom Bank Kazakhstan,freedom_en.pdf,переводы,,,,
2025-07-23,-640.00 ₸,-640.0,640.0,KZT,Acquiring,TOO JOE PESCI,TOO JOE PESCI ASTANA KZ,Freedom Bank Kazakhstan,freedom_en.pdf,,TOO,JOE PESCI,ASTANA KZ,ASTANA
2025-07-23,"-1,510.00 ₸",-1510.0,1510.0,KZT,Acquiring,YANDEX.EDA,YANDEX.EDA ALMATY KZ,Freedom Bank Kazakhstan,freedom_en.pdf,,,YANDEX.EDA,ALMATY KZ,ALMATY
2025-07-23,"-41,899.00 ₸",-41899.0,41899.0,KZT,Acquiring,TANGIERS LOUNGE EC,TANGIERS LOUNGE EC ASTANA Nur-Sultan,Freedom Bank Kazakhstan,freedom_en.pdf,,,TANGIERS LOUNGE EC,ASTANA,ASTANA
2025-07-23,"-41,899.00 ₸",-41899.0,41899.0,KZT,Acquiring,Возврат. Отмена покупки,Возврат. Отмена покупки,Freedom Bank Kazakhstan,freedom_en.pdf,,,Возврат. Отмена покупки,,
2025-07-23,"-41,899.00 ₸",-41899.0,41899.0,KZT,Acquiring,TANGIERS LOUNGE EC,TANGIERS LOUNGE EC ASTANA Nur-Sultan,Freedom Bank Kazakhstan,freedom_en.pdf,,,TANGIERS LOUNGE EC,ASTANA,ASTANA
2025-07-24,"-1,165.00 ₸",-1165.0,1165.0,KZT,Acquiring,MAGNUM.ASF46.KCO-1.,MAGNUM.ASF46.KCO-1. ASTANA KZ,Freedom Bank Kazakhstan,freedom_en.pdf,продукты,,MAGNUM.ASF46.KCO-1.,ASTANA KZ,ASTANA
2025-07-24,+50.00 ₸,50.0,50.0,KZT,Replenishment,,Пополнение. Возврат денег за заказ 3747623,Freedom Bank Kazakhstan,freedom_en.pdf,,,,,
2025-07-24,"-1,220.00 ₸",-1220.0,1220.0,KZT,Acquiring,IP MUKAZHANOVA,IP MUKAZHANOVA NUR-SULTAN KZ,Freedom Bank Kazakhstan,freedom_en.pdf,,IP,MUKAZHANOVA,KZ,ASTANA
2025-07-24,-585.00 ₸,-585.0,585.0,KZT,Acquiring,IP BERSINOVA S.IM.B.MOMYSH,IP BERSINOVA S.IM.B.MOMYSH KZ,Freedom Bank Kazakhstan,freedom_en.pdf,,IP,BERSINOVA S.IM.B.MOMYSH,KZ,
2025-07-24,"-1,640.00 ₸",-1640.0,1640.0,KZT,Acquiring,IP GLOBAL MANAGEMENT,IP GLOBAL MANAGEMENT ASTANA KZ,Freedom Bank Kazakhstan,freedom_en.pdf,,IP,GLOBAL MANAGEMENT,ASTANA KZ,ASTANA
2025-07-24,"-12,433.00 ₸",-12433.0,12433.0,KZT,Payment,Arbuz Group Арбуз Груп,ТОО Arbuz Group Арбуз Груп За оплату билета заказ 3839164,Freedom Bank Kazakhstan,freedom_en.pdf,,,,,
2025-07-24,"+10,475.00 ₸",10475.0,10475.0,KZT,Replenishment,,Тулешов Бектайыр Бахыткерейулы . Безвозмездный перевод,Freedom Bank Kazakhstan,freedom_en.pdf,переводы,,,,
2025-07-25,"-2,495.00 ₸",-2495.0,2495.0,KZT,Acquiring,SUPERMARKET GALMART,SUPERMARKET GALMART NUR-SULTAN KZ,Freedom Bank Kazakhstan,freedom_en.pdf,продукты,,SUPERMARKET GALMART,KZ,ASTANA
2025-07-25,-920.00 ₸,-920.0,920.0,KZT,Acquiring,IP BERSINOVA S.IM.B.MOMYSH,IP BERSINOVA S.IM.B.MOMYSH KZ,Freedom Bank Kazakhstan,freedom_en.pdf,,IP,BERSINOVA S.IM.B.MOMYSH,KZ,
2025-07-25,-350.00 ₸,-350.0,350.0,KZT,Acquiring,IP GLOBAL MANAGEMENT,IP GLOBAL MANAGEMENT ASTANA KZ,Freedom Bank Kazakhstan,freedom_en.pdf,,IP,GLOBAL MANAGEMENT,ASTANA KZ,ASTANA
2025-07-25,"-1,400.00 ₸",-1400.0,1400.0,KZT,Acquiring,IP GLOBAL MANAGEMENT,IP GLOBAL MANAGEMENT ASTANA KZ,Freedom Bank Kazakhstan,freedom_en.pdf,,IP,GLOBAL MANAGEMENT,ASTANA KZ,ASTANA
2025-07-26,-235.00 ₸,-235.0,235.0,KZT,Transfer,Тулешов Бектайыр Бахыткерейулы . Безвозмездный перевод,Тулешов Бектайыр Бахыткерейулы . Безвозмездный перевод,Freedom Bank Kazakhstan,freedom_en.pdf,переводы,,,,
2025-07-26,"-2,095.00 ₸",-2095.0,2095.0,KZT,Acquiring,DONER NA ABAYA MEGA,DONER NA ABAYA MEGA ALMATY,Freedom Bank Kazakhstan,freedom_en.pdf,еда,,DONER NA ABAYA,MEGA ALMATY,ALMATY
2025-07-27,-450.00 ₸,-450.0,450.0,KZT,Acquiring,IP GLOBAL MANAGEMENT,IP GLOBAL MANAGEMENT ASTANA KZ,Freedom Bank Kazakhstan,freedom_en.pdf,,IP,GLOBAL MANAGEMENT,ASTANA KZ,ASTANA
2025-07-27,-850.00 ₸,-850.0,850.0,KZT,Transfer,,Перевод с карты на карту,Freedom Bank Kazakhstan,freedom_en.pdf,переводы,,,,
2025-07-27,"-10,000.00 ₸",-10000.0,10000.0,KZT,Transfer,,Перевод с карты на карту,Freedom Bank Kazakhstan,freedom_en.pdf,переводы,,,,
2025-07-27,"-8,000.00 ₸",-8000.0,8000.0,KZT,Transfer,,Перевод с карты на карту,Freedom Bank Kazakhstan,freedom_en.pdf,переводы,,,,
2025-07-27,"-21,940.00 ₸",-21940.0,21940.0,KZT,Acquiring,NU.EDU.KZ,NU.EDU.KZ NUR-SULTAN KZ,Freedom Bank Kazakhstan,freedom_en.pdf,,,NU.EDU.KZ,KZ,ASTANA
2025-07-28,"-1,780.00 ₸",-1780.0,1780.0,KZT,Acquiring,YANDEX.EDA,YANDEX.EDA ALMATY KZ,Freedom Bank Kazakhstan,freedom_en.pdf,,,YANDEX.EDA,ALMATY KZ,ALMATY
2025-07-28,-750.00 ₸,-750.0,750.0,KZT,Acquiring,IP BERSINOVA S.IM.B.MOMYSH,IP BERSINOVA S.IM.B.MOMYSH KZ,Freedom Bank Kazakhstan,freedom_en.pdf,,IP,BERSINOVA S.IM.B.MOMYSH,KZ,
2025-07-28,+450.00 ₸,450.0,450.0,KZT,Replenishment,,Тулешов Бектайыр Бахыткерейулы . Безвозмездный перевод,Freedom Bank Kazakhstan,freedom_en.pdf,переводы,,,,
2025-07-28,"+1,130.00 ₸",1130.0,1130.0,KZT,Replenishment,,Тулешов Бектайыр Бахыткерейулы . Безвозмездный перевод,Freedom Bank Kazakhstan,freedom_en.pdf,переводы,,,,
2025-07-28,-875.00 ₸,-875.0,875.0,KZT,Acquiring,IP DANIYAROV A,IP DANIYAROV A ASTANA KZ,Freedom Bank Kazakhstan,freedom_en.pdf,,IP,DANIYAROV A,ASTANA KZ,ASTANA
2025-07-29,"-1,150.00 ₸",-1150.0,1150.0,KZT,Acquiring,IP GLOBAL MANAGEMENT,IP GLOBAL MANAGEMENT ASTANA KZ,Freedom Bank Kazakhstan,freedom_en.pdf,,IP,GLOBAL MANAGEMENT,ASTANA KZ,ASTANA
2025-07-30,-365.00 ₸,-365.0,365.0,KZT,Acquiring,IP GLOBAL MANAGEMENT,IP GLOBAL MANAGEMENT ASTANA KZ,Freedom Bank Kazakhstan,freedom_en.pdf,,IP,GLOBAL MANAGEMENT,ASTANA KZ,ASTANA
2025-07-30,-365.00 ₸,-365.0,365.0,KZT,Acquiring,IP GLOBAL MANAGEMENT,IP GLOBAL MANAGEMENT ASTANA KZ,Freedom Bank Kazakhstan,freedom_en.pdf,,IP,GLOBAL MANAGEMENT,ASTANA KZ,ASTANA
2025-07-30,-725.00 ₸,-725.0,725.0,KZT,Acquiring,IP GLOBAL MANAGEMENT,IP GLOBAL MANAGEMENT ASTANA KZ,Freedom Bank Kazakhstan,freedom_en.pdf,,IP,GLOBAL MANAGEMENT,ASTANA KZ,ASTANA
2025-07-30,"-1,350.00 ₸",-1350.0,1350.0,KZT,Acquiring,IP BERSINOVA S.IM.B.MOMYSH,IP BERSINOVA S.IM.B.MOMYSH KZ,Freedom Bank Kazakhstan,freedom_en.pdf,,IP,BERSINOVA S.IM.B.MOMYSH,KZ,
2025-07-31,-850.00 ₸,-850.0,850.0,KZT,Acquiring,IP BERSINOVA S.IM.B.MOMYSH,IP BERSINOVA S.IM.B.MOMYSH KZ,Freedom Bank Kazakhstan,freedom_en.pdf,,IP,BERSINOVA S.IM.B.MOMYSH,KZ,
2025-07-31,"-1,340.00 ₸",-1340.0,1340.0,KZT,Acquiring,IP GLOBAL MANAGEMENT,IP GLOBAL MANAGEMENT ASTANA KZ,Freedom Bank Kazakhstan,freedom_en.pdf,,IP,GLOBAL MANAGEMENT,ASTANA KZ,ASTANA
2025-07-31,"+119,851.00 ₸",119851.0,119851.0,KZT,Replenishment,,Перевод с карты на карту,Freedom Bank Kazakhstan,freedom_en.pdf,переводы,,,,
2025-08-01,-855.00 ₸,-855.0,855.0,KZT,Acquiring,IP GLOBAL MANAGEMENT,IP GLOBAL MANAGEMENT ASTANA KZ,Freedom Bank Kazakhstan,freedom_en.pdf,,IP,GLOBAL MANAGEMENT,ASTANA KZ,ASTANA
2025-08-02,"-1,300.00 ₸",-1300.0,1300.0,KZT,Acquiring,BAMBINO 1 CAFE,BAMBINO 1 CAFE ASTANA KZ,Freedom Bank Kazakhstan,freedom_en.pdf,еда,,BAMBINO 1 CAFE,ASTANA KZ,ASTANA
2025-08-02,"-4,250.00 ₸",-4250.0,4250.0,KZT,Acquiring,SMART RESTAURANTS,SMART RESTAURANTS ALMATY KZ,Freedom Bank Kazakhstan,freedom_en.pdf,еда,,SMART RESTAURANTS,ALMATY KZ,ALMATY
2025-08-02,"-4,250.00 ₸",-4250.0,4250.0,KZT,Others,Плательщик:Арстангалиев Рауан Арманұлы Получатель:Филиал АО Фридом,Плательщик:Арстангалиев Рауан Арманұлы Получатель:Филиал АО Фридом Банк Казахстан в г. Тараз Назначение: Дата транзакции: 04.08.2025 Код авторизации: 817608 Номер карты: 4002********0477 Сумма транзакции: 560 KZT Операция: Покупка с нашей карты в чужом устройстве 010012000285123\KAZ\S.IM.B. MOMY&gt;H\IP BERSINOVA Учетный курс 537.53,Freedom Bank Kazakhstan,freedom_en.pdf,,,,,
2025-08-03,-750.00 ₸,-750.0,750.0,KZT,Acquiring,IP BERSINOVA S.IM.B.MOMYSH,IP BERSINOVA S.IM.B.MOMYSH KZ,Freedom Bank Kazakhstan,freedom_en.pdf,,IP,BERSINOVA S.IM.B.MOMYSH,KZ,
2025-08-03,-350.00 ₸,-350.0,350.0,KZT,Acquiring,IP GLOBAL MANAGEMENT,IP GLOBAL MANAGEMENT ASTANA KZ,Freedom Bank Kazakhstan,freedom_en.pdf,,IP,GLOBAL MANAGEMENT,ASTANA KZ,ASTANA
2025-08-04,"-1,400.00 ₸",-1400.0,1400.0,KZT,Acquiring,IP GLOBAL MANAGEMENT,IP GLOBAL MANAGEMENT ASTANA KZ,Freedom Bank Kazakhstan,freedom_en.pdf,,IP,GLOBAL MANAGEMENT,ASTANA KZ,ASTANA
2025-08-04,-499.00 ₸,-499.0,499.0,KZT,Acquiring,MAGNUM.ASF46.KCO-1.,MAGNUM.ASF46.KCO-1. ASTANA KZ,Freedom Bank Kazakhstan,freedom_en.pdf,продукты,,MAGNUM.ASF46.KCO-1.,ASTANA KZ,ASTANA
2025-08-04,-560.00 ₸,-560.0,560.0,KZT,Acquiring,IP BERSINOVA S.IM.B.MOMYSH,IP BERSINOVA S.IM.B.MOMYSH KZ,Freedom Bank Kazakhstan,freedom_en.pdf,,IP,BERSINOVA S.IM.B.MOMYSH,KZ,
2025-08-04,-560.00 ₸,-560.0,560.0,KZT,Others,,Плательщик:Арстангалиев Рауан Арманұлы Получатель:Филиал АО Фридом Банк Казахстан в г. Тараз Назначение: Дата транзакции: 04.08.2025 Код авторизации: 817608 Номер карты: 4002********0477 Сумма транзакции: 560 KZT Операция: Покупка с нашей карты в чужом устройстве 010012000285123\KAZ\S.IM.B. MOMY&gt;H\IP BERSINOVA Учетный курс 537.53,Freedom Bank Kazakhstan,freedom_en.pdf,,,,,
2025-08-04,"-1,400.00 ₸",-1400.0,1400.0,KZT,Others,Плательщик:Арстангалиев Рауан Арманұлы Получатель:Филиал АО Фридом,Плательщик:Арстангалиев Рауан Арманұлы Получатель:Филиал АО Фридом Банк Казахстан в г. Тараз Назначение: Дата транзакции: 04.08.2025 Код авторизации: 817608 Номер карты: 4002********0477 Сумма транзакции: 560 KZT Операция: Покупка с нашей карты в чужом устройстве 010012000285123\KAZ\S.IM.B. MOMY&gt;H\IP BERSINOVA Учетный курс 537.53,Freedom Bank Kazakhstan,freedom_en.pdf,,,,,
2025-08-04,-499.00 ₸,-499.0,499.0,KZT,Others,Плательщик:Арстангалиев Рауан Арманұлы Получатель:Филиал АО Фридом,Плательщик:Арстангалиев Рауан Арманұлы Получатель:Филиал АО Фридом Банк Казахстан в г. Тараз Назначение: Дата транзакции: 04.08.2025 Код авторизации: 817608 Номер карты: 4002********0477 Сумма транзакции: 560 KZT Операция: Покупка с нашей карты в чужом устройстве 010012000285123\KAZ\S.IM.B. MOMY&gt;H\IP BERSINOVA Учетный курс 537.53,Freedom Bank Kazakhstan,freedom_en.pdf,,,,,
2025-08-06,"-8,500.00 ₸",-8500.0,8500.0,KZT,Transfer,,Перевод с карты на карту,Freedom Bank Kazakhstan,freedom_en.pdf,переводы,,,,
2025-08-07,"-30,000.00 ₸",-30000.0,30000.0,KZT,Transfer,,Перевод с карты на карту,Freedom Bank Kazakhstan,freedom_en.pdf,переводы,,,,
2025-08-08,"-1,440.00 ₸",-1440.0,1440.0,KZT,Acquiring,IP GLOBAL MANAGEMENT,IP GLOBAL MANAGEMENT ASTANA KZ,Freedom Bank Kazakhstan,freedom_en.pdf,,IP,GLOBAL MANAGEMENT,ASTANA KZ,ASTANA
2025-08-08,"-1,400.00 ₸",-1400.0,1400.0,KZT,Acquiring,IP GLOBAL MANAGEMENT,IP GLOBAL MANAGEMENT ASTANA KZ,Freedom Bank Kazakhstan,freedom_en.pdf,,IP,GLOBAL MANAGEMENT,ASTANA KZ,ASTANA
2025-08-10,-350.00 ₸,-350.0,350.0,KZT,Acquiring,IP GLOBAL MANAGEMENT,IP GLOBAL MANAGEMENT ASTANA KZ,Freedom Bank Kazakhstan,freedom_en.pdf,,IP,GLOBAL MANAGEMENT,ASTANA KZ,ASTANA
2025-08-10,-480.00 ₸,-480.0,480.0,KZT,Acquiring,IP BERSINOVA S.IM.B.MOMYSH,IP BERSINOVA S.IM.B.MOMYSH KZ,Freedom Bank Kazakhstan,freedom_en.pdf,,IP,BERSINOVA S.IM.B.MOMYSH,KZ,
2025-08-11,-365.00 ₸,-365.0,365.0,KZT,Acquiring,IP BERSINOVA S.IM.B.MOMYSH,IP BERSINOVA S.IM.B.MOMYSH KZ,Freedom Bank Kazakhstan,freedom_en.pdf,,IP,BERSINOVA S.IM.B.MOMYSH,KZ,
2025-08-11,-800.00 ₸,-800.0,800.0,KZT,Acquiring,IP BERSINOVA S.IM.B.MOMYSH,IP BERSINOVA S.IM.B.MOMYSH KZ,Freedom Bank Kazakhstan,freedom_en.pdf,,IP,BERSINOVA S.IM.B.MOMYSH,KZ,
2025-08-11,-835.00 ₸,-835.0,835.0,KZT,Acquiring,IP BERSINOVA S.IM.B.MOMYSH,IP BERSINOVA S.IM.B.MOMYSH KZ,Freedom Bank Kazakhstan,freedom_en.pdf,,IP,BERSINOVA S.IM.B.MOMYSH,KZ,
2025-08-11,-650.00 ₸,-650.0,650.0,KZT,Acquiring,IP GLOBAL MANAGEMENT,IP GLOBAL MANAGEMENT ASTANA KZ,Freedom Bank Kazakhstan,freedom_en.pdf,,IP,GLOBAL MANAGEMENT,ASTANA KZ,ASTANA
2025-08-12,"-1,035.00 ₸",-1035.0,1035.0,KZT,Acquiring,IP BERSINOVA S.IM.B.MOMYSH,IP BERSINOVA S.IM.B.MOMYSH KZ,Freedom Bank Kazakhstan,freedom_en.pdf,,IP,BERSINOVA S.IM.B.MOMYSH,KZ,
2025-08-12,-350.00 ₸,-350.0,350.0,KZT,Acquiring,IP GLOBAL MANAGEMENT,IP GLOBAL MANAGEMENT ASTANA KZ,Freedom Bank Kazakhstan,freedom_en.pdf,,IP,GLOBAL MANAGEMENT,ASTANA KZ,ASTANA
2025-08-12,-650.00 ₸,-650.0,650.0,KZT,Acquiring,IP GLOBAL MANAGEMENT,IP GLOBAL MANAGEMENT ASTANA KZ,Freedom Bank Kazakhstan,freedom_en.pdf,,IP,GLOBAL MANAGEMENT,ASTANA KZ,ASTANA
2025-08-13,-835.00 ₸,-835.0,835.0,KZT,Acquiring,IP BERSINOVA S.IM.B.MOMYSH,IP BERSINOVA S.IM.B.MOMYSH KZ,Freedom Bank Kazakhstan,freedom_en.pdf,,IP,BERSINOVA S.IM.B.MOMYSH,KZ,
2025-08-13,"-1,805.00 ₸",-1805.0,1805.0,KZT,Acquiring,IP GLOBAL MANAGEMENT,IP GLOBAL MANAGEMENT ASTANA KZ,Freedom Bank Kazakhstan,freedom_en.pdf,,IP,GLOBAL MANAGEMENT,ASTANA KZ,ASTANA
2025-08-14,"-2,400.00 ₸",-2400.0,2400.0,KZT,Transfer,,Лукманов Ислам Ильмирович Безвозмездный перевод,Freedom Bank Kazakhstan,freedom_en.pdf,переводы,,,,
2025-08-14,"-1,340.00 ₸",-1340.0,1340.0,KZT,Acquiring,IP GLOBAL MANAGEMENT,IP GLOBAL MANAGEMENT ASTANA KZ,Freedom Bank Kazakhstan,freedom_en.pdf,,IP,GLOBAL MANAGEMENT,ASTANA KZ,ASTANA
2025-08-15,-850.00 ₸,-850.0,850.0,KZT,Acquiring,IP GLOBAL MANAGEMENT,IP GLOBAL MANAGEMENT ASTANA KZ,Freedom Bank Kazakhstan,freedom_en.pdf,,IP,GLOBAL MANAGEMENT,ASTANA KZ,ASTANA
2025-08-15,"-1,120.00 ₸",-1120.0,1120.0,KZT,Acquiring,IP BERSINOVA S.IM.B.MOMYSH,IP BERSINOVA S.IM.B.MOMYSH KZ,Freedom Bank Kazakhstan,freedom_en.pdf,,IP,BERSINOVA S.IM.B.MOMYSH,KZ,
2025-08-15,-810.00 ₸,-810.0,810.0,KZT,Acquiring,IP BERSINOVA S.IM.B.MOMYSH,IP BERSINOVA S.IM.B.MOMYSH KZ,Freedom Bank Kazakhstan,freedom_en.pdf,,IP,BERSINOVA S.IM.B.MOMYSH,KZ,
2025-08-15,"-4,500.00 ₸",-4500.0,4500.0,KZT,Acquiring,IP TULEGENOV ARKALYK,IP TULEGENOV ARKALYK KZ,Freedom Bank Kazakhstan,freedom_en.pdf,,IP,TULEGENOV,ARKALYK KZ,ARKALYK
2025-08-16,-249.00 ₸,-249.0,249.0,KZT,Payment,Arbuz Group Арбуз Груп,ТОО Arbuz Group Арбуз Груп За оплату билета заказ 3839164,Freedom Bank Kazakhstan,freedom_en.pdf,,,,,
2025-08-16,"-1,290.00 ₸",-1290.0,1290.0,KZT,Acquiring,GALMART SUPERMARKET KASS,GALMART SUPERMARKET KASS ASTANA KZ,Freedom Bank Kazakhstan,freedom_en.pdf,продукты,,GALMART SUPERMARKET KASS,ASTANA KZ,ASTANA
2025-08-16,"-7,202.00 ₸",-7202.0,7202.0,KZT,Acquiring,CREPECAFE CAFE,CREPECAFE CAFE ASTANA KZ,Freedom Bank Kazakhstan,freedom_en.pdf,еда,,CREPECAFE CAFE,ASTANA KZ,ASTANA
2025-08-16,"-10,895.00 ₸",-10895.0,10895.0,KZT,Payment,Arbuz Group Арбуз Груп,ТОО Arbuz Group Арбуз Груп За оплату билета заказ 3839164,Freedom Bank Kazakhstan,freedom_en.pdf,,,,,
2025-08-16,"-1,400.00 ₸",-1400.0,1400.0,KZT,Acquiring,IP GLOBAL MANAGEMENT,IP GLOBAL MANAGEMENT ASTANA KZ,Freedom Bank Kazakhstan,freedom_en.pdf,,IP,GLOBAL MANAGEMENT,ASTANA KZ,ASTANA
2025-08-16,-420.00 ₸,-420.0,420.0,KZT,Acquiring,IP BERSINOVA S.IM.B.MOMYSH,IP BERSINOVA S.IM.B.MOMYSH KZ,Freedom Bank Kazakhstan,freedom_en.pdf,,IP,BERSINOVA S.IM.B.MOMYSH,KZ,
2025-08-17,-950.00 ₸,-950.0,950.0,KZT,Acquiring,IP BERSINOVA S.IM.B.MOMYSH,IP BERSINOVA S.IM.B.MOMYSH KZ,Freedom Bank Kazakhstan,freedom_en.pdf,,IP,BERSINOVA S.IM.B.MOMYSH,KZ,
2025-08-17,-610.00 ₸,-610.0,610.0,KZT,Acquiring,IP BERSINOVA S.IM.B.MOMYSH,IP BERSINOVA S.IM.B.MOMYSH KZ,Freedom Bank Kazakhstan,freedom_en.pdf,,IP,BERSINOVA S.IM.B.MOMYSH,KZ,
2025-08-17,"-50,000.00 ₸",-50000.0,50000.0,KZT,Transfer,,Перевод с карты на карту,Freedom Bank Kazakhstan,freedom_en.pdf,переводы,,,,
2025-08-18,-835.00 ₸,-835.0,835.0,KZT,Acquiring,IP BERSINOVA S.IM.B.MOMYSH,IP BERSINOVA S.IM.B.MOMYSH KZ,Freedom Bank Kazakhstan,freedom_en.pdf,,IP,BERSINOVA S.IM.B.MOMYSH,KZ,
2025-08-18,-550.00 ₸,-550.0,550.0,KZT,Acquiring,IP BERSINOVA S.IM.B.MOMYSH,IP BERSINOVA S.IM.B.MOMYSH KZ,Freedom Bank Kazakhstan,freedom_en.pdf,,IP,BERSINOVA S.IM.B.MOMYSH,KZ,
2025-08-18,-850.00 ₸,-850.0,850.0,KZT,Acquiring,HEALTH PROJECT,HEALTH PROJECT NUR-SULTAN KZ,Freedom Bank Kazakhstan,freedom_en.pdf,,,HEALTH PROJECT,KZ,ASTANA
2025-08-19,-355.00 ₸,-355.0,355.0,KZT,Acquiring,MAGNUM.ASF46.KCO-1.,MAGNUM.ASF46.KCO-1. ASTANA KZ,Freedom Bank Kazakhstan,freedom_en.pdf,продукты,,MAGNUM.ASF46.KCO-1.,ASTANA KZ,ASTANA
2025-08-20,-350.00 ₸,-350.0,350.0,KZT,Acquiring,IP BERSINOVA S.IM.B.MOMYSH,IP BERSINOVA S.IM.B.MOMYSH KZ,Freedom Bank Kazakhstan,freedom_en.pdf,,IP,BERSINOVA S.IM.B.MOMYSH,KZ,
2025-08-20,"-1,650.00 ₸",-1650.0,1650.0,KZT,Acquiring,BASCONI BOUTIQUE,BASCONI BOUTIQUE ASTANA KZ,Freedom Bank Kazakhstan,freedom_en.pdf,,,BASCONI BOUTIQUE,ASTANA KZ,ASTANA
2025-08-20,"-2,136.00 ₸",-2136.0,2136.0,KZT,Acquiring,SUMMER LOVE FROZEN YOGUR,SUMMER LOVE FROZEN YOGUR ASTANA,Freedom Bank Kazakhstan,freedom_en.pdf,,,SUMMER LOVE FROZEN YOGUR,ASTANA,ASTANA
2025-08-20,"-1,555.00 ₸",-1555.0,1555.0,KZT,Acquiring,SUPERMARKET GALMART,SUPERMARKET GALMART NUR-SULTAN KZ,Freedom Bank Kazakhstan,freedom_en.pdf,продукты,,SUPERMARKET GALMART,KZ,ASTANA
2025-08-20,"-1,810.00 ₸",-1810.0,1810.0,KZT,Acquiring,IP GLOBAL MANAGEMENT,IP GLOBAL MANAGEMENT ASTANA KZ,Freedom Bank Kazakhstan,freedom_en.pdf,,IP,GLOBAL MANAGEMENT,ASTANA KZ,ASTANA
2025-08-20,"-1,040.00 ₸",-1040.0,1040.0,KZT,Acquiring,IP DANA,IP DANA ASTANA KZ,Freedom Bank Kazakhstan,freedom_en.pdf,,IP,DANA,ASTANA KZ,ASTANA
2025-08-21,-310.00 ₸,-310.0,310.0,KZT,Acquiring,IP GLOBAL MANAGEMENT,IP GLOBAL MANAGEMENT ASTANA KZ,Freedom Bank Kazakhstan,freedom_en.pdf,,IP,GLOBAL MANAGEMENT,ASTANA KZ,ASTANA
2025-08-21,-365.00 ₸,-365.0,365.0,KZT,Acquiring,IP GLOBAL MANAGEMENT,IP GLOBAL MANAGEMENT ASTANA KZ,Freedom Bank Kazakhstan,freedom_en.pdf,,IP,GLOBAL MANAGEMENT,ASTANA KZ,ASTANA
2025-08-21,-650.00 ₸,-650.0,650.0,KZT,Acquiring,IP GLOBAL MANAGEMENT,IP GLOBAL MANAGEMENT ASTANA KZ,Freedom Bank Kazakhstan,freedom_en.pdf,,IP,GLOBAL MANAGEMENT,ASTANA KZ,ASTANA
2025-08-21,-550.00 ₸,-550.0,550.0,KZT,Acquiring,IP BERSINOVA S.IM.B.MOMYSH,IP BERSINOVA S.IM.B.MOMYSH KZ,Freedom Bank Kazakhstan,freedom_en.pdf,,IP,BERSINOVA S.IM.B.MOMYSH,KZ,
2025-08-22,-560.00 ₸,-560.0,560.0,KZT,Acquiring,IP BERSINOVA S.IM.B.MOMYSH,IP BERSINOVA S.IM.B.MOMYSH KZ,Freedom Bank Kazakhstan,freedom_en.pdf,,IP,BERSINOVA S.IM.B.MOMYSH,KZ,
2025-08-22,"-1,940.00 ₸",-1940.0,1940.0,KZT,Acquiring,IP GLOBAL MANAGEMENT,IP GLOBAL MANAGEMENT ASTANA KZ,Freedom Bank Kazakhstan,freedom_en.pdf,,IP,GLOBAL MANAGEMENT,ASTANA KZ,ASTANA
2025-08-22,-735.00 ₸,-735.0,735.0,KZT,Acquiring,IP GLOBAL MANAGEMENT,IP GLOBAL MANAGEMENT ASTANA KZ,Freedom Bank Kazakhstan,freedom_en.pdf,,IP,GLOBAL MANAGEMENT,ASTANA KZ,ASTANA
2025-08-22,-975.00 ₸,-975.0,975.0,KZT,Acquiring,IP BERSINOVA S.IM.B.MOMYSH,IP BERSINOVA S.IM.B.MOMYSH KZ,Freedom Bank Kazakhstan,freedom_en.pdf,,IP,BERSINOVA S.IM.B.MOMYSH,KZ,
2025-08-22,"-1,850.00 ₸",-1850.0,1850.0,KZT,Acquiring,YANDEX.EDA,YANDEX.EDA ALMATY KZ,Freedom Bank Kazakhstan,freedom_en.pdf,,,YANDEX.EDA,ALMATY KZ,ALMATY
2025-08-22,"-1,240.00 ₸",-1240.0,1240.0,KZT,Acquiring,YANDEX.EDA,YANDEX.EDA ALMATY KZ,Freedom Bank Kazakhstan,freedom_en.pdf,,,YANDEX.EDA,ALMATY KZ,ALMATY
2025-08-23,"-2,060.00 ₸",-2060.0,2060.0,KZT,Acquiring,YANDEX.EDA,YANDEX.EDA ALMATY KZ,Freedom Bank Kazakhstan,freedom_en.pdf,,,YANDEX.EDA,ALMATY KZ,ALMATY
2025-08-24,-640.00 ₸,-640.0,640.0,KZT,Acquiring,IP GLOBAL MANAGEMENT,IP GLOBAL MANAGEMENT ASTANA KZ,Freedom Bank Kazakhstan,freedom_en.pdf,,IP,GLOBAL MANAGEMENT,ASTANA KZ,ASTANA
2025-08-25,-385.00 ₸,-385.0,385.0,KZT,Acquiring,IP GLOBAL MANAGEMENT,IP GLOBAL MANAGEMENT ASTANA KZ,Freedom Bank Kazakhstan,freedom_en.pdf,,IP,GLOBAL MANAGEMENT,ASTANA KZ,ASTANA
2025-09-01,-350.00 ₸,-350.0,350.0,KZT,Acquiring,IP GLOBAL MANAGEMENT,IP GLOBAL MANAGEMENT ASTANA KZ,Freedom Bank Kazakhstan,freedom_en.pdf,,IP,GLOBAL MANAGEMENT,ASTANA KZ,ASTANA
2025-09-01,"-1,910.00 ₸",-1910.0,1910.0,KZT,Acquiring,YANDEX.EDA,YANDEX.EDA ALMATY KZ,Freedom Bank Kazakhstan,freedom_en.pdf,,,YANDEX.EDA,ALMATY KZ,ALMATY
2025-09-01,"-2,230.00 ₸",-2230.0,2230.0,KZT,Acquiring,YANDEX.EDA,YANDEX.EDA ALMATY KZ,Freedom Bank Kazakhstan,freedom_en.pdf,,,YANDEX.EDA,ALMATY KZ,ALMATY
2025-09-01,-781.00 ₸,-781.0,781.0,KZT,Acquiring,MAGNUM.ASF46.KCO-1.,MAGNUM.ASF46.KCO-1. ASTANA KZ,Freedom Bank Kazakhstan,freedom_en.pdf,продукты,,MAGNUM.ASF46.KCO-1.,ASTANA KZ,ASTANA
2025-09-01,"-26,300.00 ₸",-26300.0,26300.0,KZT,Acquiring,EXTAZ.KZ BOUTIQUE,EXTAZ.KZ BOUTIQUE ASTANA KZ,Freedom Bank Kazakhstan,freedom_en.pdf,,,EXTAZ.KZ BOUTIQUE,ASTANA KZ,ASTANA
2025-09-01,"-6,000.00 ₸",-6000.0,6000.0,KZT,Transfer,Лабакбай Болат Анварұлы . Безвозмездный перевод,Лабакбай Болат Анварұлы . Безвозмездный перевод,Freedom Bank Kazakhstan,freedom_en.pdf,переводы,,,,
2025-09-01,"-40,000.00 ₸",-40000.0,40000.0,KZT,Transfer,,Перевод с карты на карту,Freedom Bank Kazakhstan,freedom_en.pdf,переводы,,,,
2025-09-01,"+100,090.00 ₸",100090.0,100090.0,KZT,Replenishment,,Перевод с карты на карту,Freedom Bank Kazakhstan,freedom_en.pdf,переводы,,,,
2025-09-02,-675.00 ₸,-675.0,675.0,KZT,Acquiring,IP BERSINOVA S.IM.B.MOMYSH,IP BERSINOVA S.IM.B.MOMYSH KZ,Freedom Bank Kazakhstan,freedom_en.pdf,,IP,BERSINOVA S.IM.B.MOMYSH,KZ,
2025-09-02,"+110,000.00 ₸",110000.0,110000.0,KZT,Replenishment,,Перевод с карты на карту,Freedom Bank Kazakhstan,freedom_en.pdf,переводы,,,,
2025-09-02,"-4,000.00 ₸",-4000.0,4000.0,KZT,Transfer,,Перевод с карты на карту,Freedom Bank Kazakhstan,freedom_en.pdf,переводы,,,,
2025-09-02,-650.00 ₸,-650.0,650.0,KZT,Acquiring,IP GLOBAL MANAGEMENT,IP GLOBAL MANAGEMENT ASTANA KZ,Freedom Bank Kazakhstan,freedom_en.pdf,,IP,GLOBAL MANAGEMENT,ASTANA KZ,ASTANA
2025-09-03,"-2,700.00 ₸",-2700.0,2700.0,KZT,Transfer,,Перевод с карты на карту,Freedom Bank Kazakhstan,freedom_en.pdf,переводы,,,,
2025-09-03,"-1,400.00 ₸",-1400.0,1400.0,KZT,Acquiring,IP SUNNATOVA,IP SUNNATOVA ASTANA KZ,Freedom Bank Kazakhstan,freedom_en.pdf,,IP,SUNNATOVA,ASTANA KZ,ASTANA
2025-09-03,-570.00 ₸,-570.0,570.0,KZT,Acquiring,IP DANIYAROV A,IP DANIYAROV A ASTANA KZ,Freedom Bank Kazakhstan,freedom_en.pdf,,IP,DANIYAROV A,ASTANA KZ,ASTANA
2025-09-03,"-12,840.00 ₸",-12840.0,12840.0,KZT,Payment,Ticketon Events Тикетон Евентс,ТОО Ticketon Events Тикетон Евентс За оплату заказа Тикетон,Freedom Bank Kazakhstan,freedom_en.pdf,,,,,
2025-09-03,"-160,000.00 ₸",-160000.0,160000.0,KZT,Transfer,,Перевод с карты на карту,Freedom Bank Kazakhstan,freedom_en.pdf,переводы,,,,
2025-09-03,"+179,800.00 ₸",179800.0,179800.0,KZT,Replenishment,,Перевод с карты на карту,Freedom Bank Kazakhstan,freedom_en.pdf,переводы,,,,
2025-09-03,"-1,550.00 ₸",-1550.0,1550.0,KZT,Acquiring,HEALTH PROJECT,HEALTH PROJECT NUR-SULTAN KZ,Freedom Bank Kazakhstan,freedom_en.pdf,,,HEALTH PROJECT,KZ,ASTANA
2025-09-03,-350.00 ₸,-350.0,350.0,KZT,Acquiring,IP GLOBAL MANAGEMENT,IP GLOBAL MANAGEMENT ASTANA KZ,Freedom Bank Kazakhstan,freedom_en.pdf,,IP,GLOBAL MANAGEMENT,ASTANA KZ,ASTANA
2025-09-04,"-1,245.00 ₸",-1245.0,1245.0,KZT,Acquiring,IP BERSINOVA S.IM.B.MOMYSH,IP BERSINOVA S.IM.B.MOMYSH KZ,Freedom Bank Kazakhstan,freedom_en.pdf,,IP,BERSINOVA S.IM.B.MOMYSH,KZ,
2025-09-04,-610.00 ₸,-610.0,610.0,KZT,Acquiring,IP BERSINOVA S.IM.B.MOMYSH,IP BERSINOVA S.IM.B.MOMYSH KZ,Freedom Bank Kazakhstan,freedom_en.pdf,,IP,BERSINOVA S.IM.B.MOMYSH,KZ,
2025-09-04,-520.00 ₸,-520.0,520.0,KZT,Acquiring,IP GREEN FOOD,IP GREEN FOOD ASTANA KZ,Freedom Bank Kazakhstan,freedom_en.pdf,еда,IP,GREEN FOOD,ASTANA KZ,ASTANA
2025-09-04,-800.00 ₸,-800.0,800.0,KZT,Acquiring,IP GREEN FOOD,IP GREEN FOOD ASTANA KZ,Freedom Bank Kazakhstan,freedom_en.pdf,еда,IP,GREEN FOOD,ASTANA KZ,ASTANA
2025-09-04,"+45,000.00 ₸",45000.0,45000.0,KZT,Replenishment,,Перевод с карты на карту,Freedom Bank Kazakhstan,freedom_en.pdf,переводы,,,,
2025-09-04,"-1,190.00 ₸",-1190.0,1190.0,KZT,Acquiring,IP SARSEN,IP SARSEN ASTANA KZ,Freedom Bank Kazakhstan,freedom_en.pdf,,IP,SARSEN,ASTANA KZ,ASTANA
2025-09-04,-740.00 ₸,-740.0,740.0,KZT,Acquiring,IP BERSINOVA S.IM.B.MOMYSH,IP BERSINOVA S.IM.B.MOMYSH KZ,Freedom Bank Kazakhstan,freedom_en.pdf,,IP,BERSINOVA S.IM.B.MOMYSH,KZ,
2025-09-04,-850.00 ₸,-850.0,850.0,KZT,Acquiring,IP GLOBAL MANAGEMENT,IP GLOBAL MANAGEMENT ASTANA KZ,Freedom Bank Kazakhstan,freedom_en.pdf,,IP,GLOBAL MANAGEMENT,ASTANA KZ,ASTANA
2025-09-05,"-10,000.00 ₸",-10000.0,10000.0,KZT,Transfer,,Перевод с карты на карту,Freedom Bank Kazakhstan,freedom_en.pdf,переводы,,,,
2025-09-05,"-2,480.00 ₸",-2480.0,2480.0,KZT,Acquiring,IP GREEN FOOD,IP GREEN FOOD ASTANA KZ,Freedom Bank Kazakhstan,freedom_en.pdf,еда,IP,GREEN FOOD,ASTANA KZ,ASTANA
2025-09-05,-845.00 ₸,-845.0,845.0,KZT,Acquiring,IP BERSINOVA S.IM.B.MOMYSH,IP BERSINOVA S.IM.B.MOMYSH KZ,Freedom Bank Kazakhstan,freedom_en.pdf,,IP,BERSINOVA S.IM.B.MOMYSH,KZ,
2025-09-05,"-1,100.00 ₸",-1100.0,1100.0,KZT,Acquiring,IP MUKAZHANOVA,IP MUKAZHANOVA NUR-SULTAN KZ,Freedom Bank Kazakhstan,freedom_en.pdf,,IP,MUKAZHANOVA,KZ,ASTANA
2025-09-05,"-3,000.00 ₸",-3000.0,3000.0,KZT,Payment,Ticketon Events Тикетон Евентс,ТОО Ticketon Events Тикетон Евентс За оплату заказа Тикетон,Freedom Bank Kazakhstan,freedom_en.pdf,,,,,
2025-09-06,-140.00 ₸,-140.0,140.0,KZT,Acquiring,TOO KIKIS MS,TOO KIKIS MS NUR-SULTAN KZ,Freedom Bank Kazakhstan,freedom_en.pdf,,TOO,KIKIS MS,KZ,ASTANA
2025-09-06,"+3,300.00 ₸",3300.0,3300.0,KZT,Replenishment,,Перевод с карты на карту,Freedom Bank Kazakhstan,freedom_en.pdf,переводы,,,,
2025-09-06,"+2,000.00 ₸",2000.0,2000.0,KZT,Replenishment,,Перевод с карты на карту,Freedom Bank Kazakhstan,freedom_en.pdf,переводы,,,,
2025-09-06,"-9,800.00 ₸",-9800.0,9800.0,KZT,Acquiring,TOO KIKIS MS,TOO KIKIS MS NUR-SULTAN KZ,Freedom Bank Kazakhstan,freedom_en.pdf,,TOO,KIKIS MS,KZ,ASTANA
2025-09-06,"+29,700.00 ₸",29700.0,29700.0,KZT,Replenishment,,Перевод с карты на карту,Freedom Bank Kazakhstan,freedom_en.pdf,переводы,,,,
2025-09-06,-570.00 ₸,-570.0,570.0,KZT,Acquiring,IP DANIYAROV A,IP DANIYAROV A ASTANA KZ,Freedom Bank Kazakhstan,freedom_en.pdf,,IP,DANIYAROV A,ASTANA KZ,ASTANA
2025-09-06,"-5,000.00 ₸",-5000.0,5000.0,KZT,Transfer,,Перевод с карты на карту,Freedom Bank Kazakhstan,freedom_en.pdf,переводы,,,,
2025-09-06,"-70,000.00 ₸",-70000.0,70000.0,KZT,Transfer,,Перевод с карты на карту,Freedom Bank Kazakhstan,freedom_en.pdf,переводы,,,,
2025-09-06,-950.00 ₸,-950.0,950.0,KZT,Acquiring,HP CANTEEN,HP CANTEEN NUR-SULTAN KZ,Freedom Bank Kazakhstan,freedom_en.pdf,,,HP CANTEEN,KZ,ASTANA
2025-09-06,"-1,670.00 ₸",-1670.0,1670.0,KZT,Acquiring,IP DANIYAROV A,IP DANIYAROV A ASTANA KZ,Freedom Bank Kazakhstan,freedom_en.pdf,,IP,DANIYAROV A,ASTANA KZ,ASTANA
2025-09-07,"-15,000.00 ₸",-15000.0,15000.0,KZT,Transfer,,Перевод с карты на карту,Freedom Bank Kazakhstan,freedom_en.pdf,переводы,,,,
2025-09-08,"-5,500.00 ₸",-5500.0,5500.0,KZT,Transfer,Лабакбай Болат Анварұлы . Безвозмездный перевод,Лабакбай Болат Анварұлы . Безвозмездный перевод,Freedom Bank Kazakhstan,freedom_en.pdf,переводы,,,,
2025-09-08,-820.00 ₸,-820.0,820.0,KZT,Acquiring,IP BERSINOVA S.IM.B.MOMYSH,IP BERSINOVA S.IM.B.MOMYSH KZ,Freedom Bank Kazakhstan,freedom_en.pdf,,IP,BERSINOVA S.IM.B.MOMYSH,KZ,
2025-09-08,"-1,120.00 ₸",-1120.0,1120.0,KZT,Acquiring,HP CANTEEN,HP CANTEEN NUR-SULTAN KZ,Freedom Bank Kazakhstan,freedom_en.pdf,,,HP CANTEEN,KZ,ASTANA
2025-09-08,-350.00 ₸,-350.0,350.0,KZT,Acquiring,IP GLOBAL MANAGEMENT,IP GLOBAL MANAGEMENT ASTANA KZ,Freedom Bank Kazakhstan,freedom_en.pdf,,IP,GLOBAL MANAGEMENT,ASTANA KZ,ASTANA
2025-09-09,-600.00 ₸,-600.0,600.0,KZT,Acquiring,IP BERSINOVA S.IM.B.MOMYSH,IP BERSINOVA S.IM.B.MOMYSH KZ,Freedom Bank Kazakhstan,freedom_en.pdf,,IP,BERSINOVA S.IM.B.MOMYSH,KZ,
2025-09-10,"+1,900.00 ₸",1900.0,1900.0,KZT,Replenishment,,Лабакбай Болат Анварұлы . Безвозмездный перевод,Freedom Bank Kazakhstan,freedom_en.pdf,переводы,,,,
2025-09-10,"-3,350.00 ₸",-3350.0,3350.0,KZT,Acquiring,HP CANTEEN,HP CANTEEN NUR-SULTAN KZ,Freedom Bank Kazakhstan,freedom_en.pdf,,,HP CANTEEN,KZ,ASTANA
2025-09-10,"-10,000.00 ₸",-10000.0,10000.0,KZT,Transfer,,Перевод с карты на карту,Freedom Bank Kazakhstan,freedom_en.pdf,переводы,,,,
2025-09-10,-625.00 ₸,-625.0,625.0,KZT,Acquiring,IP BERSINOVA S.IM.B.MOMYSH,IP BERSINOVA S.IM.B.MOMYSH KZ,Freedom Bank Kazakhstan,freedom_en.pdf,,IP,BERSINOVA S.IM.B.MOMYSH,KZ,
2025-09-10,"-1,190.00 ₸",-1190.0,1190.0,KZT,Acquiring,IP SARSEN,IP SARSEN ASTANA KZ,Freedom Bank Kazakhstan,freedom_en.pdf,,IP,SARSEN,ASTANA KZ,ASTANA
2025-09-10,-350.00 ₸,-350.0,350.0,KZT,Acquiring,IP GLOBAL MANAGEMENT,IP GLOBAL MANAGEMENT ASTANA KZ,Freedom Bank Kazakhstan,freedom_en.pdf,,IP,GLOBAL MANAGEMENT,ASTANA KZ,ASTANA
2025-09-11,-850.00 ₸,-850.0,850.0,KZT,Acquiring,IP GLOBAL MANAGEMENT,IP GLOBAL MANAGEMENT ASTANA KZ,Freedom Bank Kazakhstan,freedom_en.pdf,,IP,GLOBAL MANAGEMENT,ASTANA KZ,ASTANA
2025-09-11,-600.00 ₸,-600.0,600.0,KZT,Acquiring,IP BERSINOVA S.IM.B.MOMYSH,IP BERSINOVA S.IM.B.MOMYSH KZ,Freedom Bank Kazakhstan,freedom_en.pdf,,IP,BERSINOVA S.IM.B.MOMYSH,KZ,
2025-09-11,"-2,550.00 ₸",-2550.0,2550.0,KZT,Transfer,Лабакбай Болат Анварұлы . Безвозмездный перевод,Лабакбай Болат Анварұлы . Безвозмездный перевод,Freedom Bank Kazakhstan,freedom_en.pdf,переводы,,,,
2025-09-11,"-1,040.00 ₸",-1040.0,1040.0,KZT,Acquiring,IP BERSINOVA S.IM.B.MOMYSH,IP BERSINOVA S.IM.B.MOMYSH KZ,Freedom Bank Kazakhstan,freedom_en.pdf,,IP,BERSINOVA S.IM.B.MOMYSH,KZ,
2025-09-12,"-1,590.00 ₸",-1590.0,1590.0,KZT,Acquiring,IP GLOBAL MANAGEMENT,IP GLOBAL MANAGEMENT ASTANA KZ,Freedom Bank Kazakhstan,freedom_en.pdf,,IP,GLOBAL MANAGEMENT,ASTANA KZ,ASTANA
2025-09-12,"-130,000.00 ₸",-130000.0,130000.0,KZT,Transfer,,Перевод с карты на карту,Freedom Bank Kazakhstan,freedom_en.pdf,переводы,,,,
2025-09-12,"-2,270.00 ₸",-2270.0,2270.0,KZT,Acquiring,IP SARSEN,IP SARSEN ASTANA KZ,Freedom Bank Kazakhstan,freedom_en.pdf,,IP,SARSEN,ASTANA KZ,ASTANA
2025-09-12,"+195,000.00 ₸",195000.0,195000.0,KZT,Replenishment,,Перевод с карты на карту,Freedom Bank Kazakhstan,freedom_en.pdf,переводы,,,,
2025-09-12,-850.00 ₸,-850.0,850.0,KZT,Acquiring,IP GLOBAL MANAGEMENT,IP GLOBAL MANAGEMENT ASTANA KZ,Freedom Bank Kazakhstan,freedom_en.pdf,,IP,GLOBAL MANAGEMENT,ASTANA KZ,ASTANA
2025-09-13,"-9,270.00 ₸",-9270.0,9270.0,KZT,Acquiring,LANZHOU TRTS AZIYA PARK,LANZHOU TRTS AZIYA PARK ASTANA,Freedom Bank Kazakhstan,freedom_en.pdf,,,LANZHOU TRTS,AZIYA PARK ASTANA,ASTANA
2025-09-13,-960.00 ₸,-960.0,960.0,KZT,Acquiring,IP DANIYAROV A,IP DANIYAROV A ASTANA KZ,Freedom Bank Kazakhstan,freedom_en.pdf,,IP,DANIYAROV A,ASTANA KZ,ASTANA
2025-09-14,-500.00 ₸,-500.0,500.0,KZT,Acquiring,HP CANTEEN,HP CANTEEN NUR-SULTAN KZ,Freedom Bank Kazakhstan,freedom_en.pdf,,,HP CANTEEN,KZ,ASTANA
2025-09-14,"-1,260.00 ₸",-1260.0,1260.0,KZT,Acquiring,YANDEX.EDA,YANDEX.EDA ALMATY KZ,Freedom Bank Kazakhstan,freedom_en.pdf,,,YANDEX.EDA,ALMATY KZ,ALMATY
2025-09-14,-850.00 ₸,-850.0,850.0,KZT,Acquiring,IP GLOBAL MANAGEMENT,IP GLOBAL MANAGEMENT ASTANA KZ,Freedom Bank Kazakhstan,freedom_en.pdf,,IP,GLOBAL MANAGEMENT,ASTANA KZ,ASTANA
2025-09-15,-200.00 ₸,-200.0,200.0,KZT,Acquiring,FOOD SOLUTIONS,FOOD SOLUTIONS KZ RESTAU ASTANA,Freedom Bank Kazakhstan,freedom_en.pdf,еда,,FOOD SOLUTIONS KZ RESTAU,ASTANA,ASTANA
2025-09-15,"-1,950.00 ₸",-1950.0,1950.0,KZT,Acquiring,IP SMAGULOVA M,IP SMAGULOVA M ASTANA Q.,Freedom Bank Kazakhstan,freedom_en.pdf,,IP,SMAGULOVA M,ASTANA,ASTANA
2025-09-15,-559.00 ₸,-559.0,559.0,KZT,Acquiring,MAGNUM CASH CARRY NF46,MAGNUM CASH CARRY NF46 NUR-SULTAN,Freedom Bank Kazakhstan,freedom_en.pdf,продукты,,MAGNUM CASH CARRY NF46,,ASTANA
2025-09-16,-650.00 ₸,-650.0,650.0,KZT,Acquiring,IP GLOBAL MANAGEMENT,IP GLOBAL MANAGEMENT ASTANA KZ,Freedom Bank Kazakhstan,freedom_en.pdf,,IP,GLOBAL MANAGEMENT,ASTANA KZ,ASTANA
2025-09-17,-850.00 ₸,-850.0,850.0,KZT,Acquiring,IP GLOBAL MANAGEMENT,IP GLOBAL MANAGEMENT ASTANA KZ,Freedom Bank Kazakhstan,freedom_en.pdf,,IP,GLOBAL MANAGEMENT,ASTANA KZ,ASTANA
2025-09-17,-350.00 ₸,-350.0,350.0,KZT,Acquiring,IP GLOBAL MANAGEMENT,IP GLOBAL MANAGEMENT ASTANA KZ,Freedom Bank Kazakhstan,freedom_en.pdf,,IP,GLOBAL MANAGEMENT,ASTANA KZ,ASTANA
2025-09-18,"-2,320.00 ₸",-2320.0,2320.0,KZT,Acquiring,IP GLOBAL MANAGEMENT,IP GLOBAL MANAGEMENT ASTANA KZ,Freedom Bank Kazakhstan,freedom_en.pdf,,IP,GLOBAL MANAGEMENT,ASTANA KZ,ASTANA
2025-09-18,"-6,200.00 ₸",-6200.0,6200.0,KZT,Acquiring,ALYE PARUSA MEGA SILK WAY,ALYE PARUSA MEGA SILK WAY,Freedom Bank Kazakhstan,freedom_en.pdf,,,ALYE PARUSA,MEGA SILK WAY,
2025-09-18,-650.00 ₸,-650.0,650.0,KZT,Acquiring,IP GLOBAL MANAGEMENT,IP GLOBAL MANAGEMENT ASTANA KZ,Freedom Bank Kazakhstan,freedom_en.pdf,,IP,GLOBAL MANAGEMENT,ASTANA KZ,ASTANA
2025-09-19,-650.00 ₸,-650.0,650.0,KZT,Acquiring,IP DANIYAROV A,IP DANIYAROV A ASTANA KZ,Freedom Bank Kazakhstan,freedom_en.pdf,,IP,DANIYAROV A,ASTANA KZ,ASTANA
2025-09-19,"-13,214.00 ₸",-13214.0,13214.0,KZT,Acquiring,KASSA 2 NOMAD OIL 4,KASSA 2 NOMAD OIL 4,Freedom Bank Kazakhstan,freedom_en.pdf,,,KASSA 2 NOMAD OIL 4,,
2025-09-19,"-15,000.00 ₸",-15000.0,15000.0,KZT,Transfer,,Абикен Дамир Бауржанұлы Безвозмездный перевод,Freedom Bank Kazakhstan,freedom_en.pdf,переводы,,,,
2025-09-19,-570.00 ₸,-570.0,570.0,KZT,Acquiring,IP BERSINOVA S.IM.B.MOMYSH,IP BERSINOVA S.IM.B.MOMYSH KZ,Freedom Bank Kazakhstan,freedom_en.pdf,,IP,BERSINOVA S.IM.B.MOMYSH,KZ,
2025-09-19,"-1,690.00 ₸",-1690.0,1690.0,KZT,Acquiring,IP GLOBAL MANAGEMENT,IP GLOBAL MANAGEMENT ASTANA KZ,Freedom Bank Kazakhstan,freedom_en.pdf,,IP,GLOBAL MANAGEMENT,ASTANA KZ,ASTANA
2025-09-19,"-1,080.00 ₸",-1080.0,1080.0,KZT,Acquiring,IP BERSINOVA S.IM.B.MOMYSH,IP BERSINOVA S.IM.B.MOMYSH KZ,Freedom Bank Kazakhstan,freedom_en.pdf,,IP,BERSINOVA S.IM.B.MOMYSH,KZ,
2025-09-20,"-2,120.00 ₸",-2120.0,2120.0,KZT,Acquiring,YANDEX.EDA,YANDEX.EDA ALMATY KZ,Freedom Bank Kazakhstan,freedom_en.pdf,,,YANDEX.EDA,ALMATY KZ,ALMATY
2025-09-20,"-2,040.00 ₸",-2040.0,2040.0,KZT,Acquiring,TOO KOFE LOVE,TOO KOFE LOVE ASTANA KZ,Freedom Bank Kazakhstan,freedom_en.pdf,,TOO,KOFE LOVE,ASTANA KZ,ASTANA
2025-09-20,"-20,449.00 ₸",-20449.0,20449.0,KZT,Acquiring,TOO ARTEASY,TOO ARTEASY ASTANA KZ,Freedom Bank Kazakhstan,freedom_en.pdf,,TOO,ARTEASY,ASTANA KZ,ASTANA
2025-09-20,"-1,320.00 ₸",-1320.0,1320.0,KZT,Acquiring,YANDEX.EDA,YANDEX.EDA ALMATY KZ,Freedom Bank Kazakhstan,freedom_en.pdf,,,YANDEX.EDA,ALMATY KZ,ALMATY
2025-09-20,-280.00 ₸,-280.0,280.0,KZT,Acquiring,YANDEX.EDA,YANDEX.EDA ALMATY KZ,Freedom Bank Kazakhstan,freedom_en.pdf,,,YANDEX.EDA,ALMATY KZ,ALMATY
2025-09-20,-300.00 ₸,-300.0,300.0,KZT,Acquiring,YANDEX.EDA,YANDEX.EDA ALMATY KZ,Freedom Bank Kazakhstan,freedom_en.pdf,,,YANDEX.EDA,ALMATY KZ,ALMATY
2025-09-20,-300.00 ₸,-300.0,300.0,KZT,Acquiring,YANDEX.EDA,YANDEX.EDA ALMATY KZ,Freedom Bank Kazakhstan,freedom_en.pdf,,,YANDEX.EDA,ALMATY KZ,ALMATY
2025-09-20,-730.00 ₸,-730.0,730.0,KZT,Acquiring,YANDEX.EDA,YANDEX.EDA ALMATY KZ,Freedom Bank Kazakhstan,freedom_en.pdf,,,YANDEX.EDA,ALMATY KZ,ALMATY
2025-09-20,"-2,250.00 ₸",-2250.0,2250.0,KZT,Acquiring,YANDEX.EDA,YANDEX.EDA ALMATY KZ,Freedom Bank Kazakhstan,freedom_en.pdf,,,YANDEX.EDA,ALMATY KZ,ALMATY
2025-09-20,-600.00 ₸,-600.0,600.0,KZT,Acquiring,IP BERSINOVA S.IM.B.MOMYSH,IP BERSINOVA S.IM.B.MOMYSH KZ,Freedom Bank Kazakhstan,freedom_en.pdf,,IP,BERSINOVA S.IM.B.MOMYSH,KZ,
2025-09-20,"-1,525.00 ₸",-1525.0,1525.0,KZT,Acquiring,IP GLOBAL MANAGEMENT,IP GLOBAL MANAGEMENT ASTANA KZ,Freedom Bank Kazakhstan,freedom_en.pdf,,IP,GLOBAL MANAGEMENT,ASTANA KZ,ASTANA
2025-09-20,"-1,140.00 ₸",-1140.0,1140.0,KZT,Acquiring,IP DANIYAROV A,IP DANIYAROV A ASTANA KZ,Freedom Bank Kazakhstan,freedom_en.pdf,,IP,DANIYAROV A,ASTANA KZ,ASTANA
2025-09-21,-350.00 ₸,-350.0,350.0,KZT,Acquiring,IP GLOBAL MANAGEMENT,IP GLOBAL MANAGEMENT ASTANA KZ,Freedom Bank Kazakhstan,freedom_en.pdf,,IP,GLOBAL MANAGEMENT,ASTANA KZ,ASTANA
2025-09-21,"-1,455.00 ₸",-1455.0,1455.0,KZT,Acquiring,IP GLOBAL MANAGEMENT,IP GLOBAL MANAGEMENT ASTANA KZ,Freedom Bank Kazakhstan,freedom_en.pdf,,IP,GLOBAL MANAGEMENT,ASTANA KZ,ASTANA
2025-09-22,-300.00 ₸,-300.0,300.0,KZT,Acquiring,IP ELEUOV,IP ELEUOV ASTANA KZ,Freedom Bank Kazakhstan,freedom_en.pdf,,IP,ELEUOV,ASTANA KZ,ASTANA
2025-09-22,"-2,600.00 ₸",-2600.0,2600.0,KZT,Acquiring,NU.EDU.KZ,NU.EDU.KZ NUR-SULTAN KZ,Freedom Bank Kazakhstan,freedom_en.pdf,,,NU.EDU.KZ,KZ,ASTANA
2025-09-22,"-2,180.00 ₸",-2180.0,2180.0,KZT,Acquiring,IP GLOBAL MANAGEMENT,IP GLOBAL MANAGEMENT ASTANA KZ,Freedom Bank Kazakhstan,freedom_en.pdf,,IP,GLOBAL MANAGEMENT,ASTANA KZ,ASTANA
2025-09-22,-950.00 ₸,-950.0,950.0,KZT,Acquiring,HEALTH PROJECT,HEALTH PROJECT NUR-SULTAN KZ,Freedom Bank Kazakhstan,freedom_en.pdf,,,HEALTH PROJECT,KZ,ASTANA
2025-09-23,"-3,213.00 ₸",-3213.0,3213.0,KZT,Acquiring,IP ALI AZAMAT AKTOBE,IP ALI AZAMAT AKTOBE KZ,Freedom Bank Kazakhstan,freedom_en.pdf,,IP,ALI AZAMAT,AKTOBE KZ,AKTOBE
2025-09-23,-465.00 ₸,-465.0,465.0,KZT,Acquiring,MAGNUM.ASF46.KCO-1.,MAGNUM.ASF46.KCO-1. ASTANA KZ,Freedom Bank Kazakhstan,freedom_en.pdf,продукты,,MAGNUM.ASF46.KCO-1.,ASTANA KZ,ASTANA
2025-09-23,-465.00 ₸,-465.0,465.0,KZT,Acquiring,Возврат. Отмена покупки,Возврат. Отмена покупки,Freedom Bank Kazakhstan,freedom_en.pdf,,,Возврат. Отмена покупки,,
2025-09-23,-465.00 ₸,-465.0,465.0,KZT,Acquiring,MAGNUM.ASF46.KCO-1.,MAGNUM.ASF46.KCO-1. ASTANA KZ,Freedom Bank Kazakhstan,freedom_en.pdf,продукты,,MAGNUM.ASF46.KCO-1.,ASTANA KZ,ASTANA
2025-09-23,-465.00 ₸,-465.0,465.0,KZT,Acquiring,MAGNUM.ASF46.KCO-1.,MAGNUM.ASF46.KCO-1. ASTANA KZ,Freedom Bank Kazakhstan,freedom_en.pdf,продукты,,MAGNUM.ASF46.KCO-1.,ASTANA KZ,ASTANA
2025-09-23,"-1,040.00 ₸",-1040.0,1040.0,KZT,Acquiring,IP GREEN FOOD,IP GREEN FOOD ASTANA KZ,Freedom Bank Kazakhstan,freedom_en.pdf,еда,IP,GREEN FOOD,ASTANA KZ,ASTANA
2025-09-23,-559.00 ₸,-559.0,559.0,KZT,Acquiring,MAGNUM.ASF46.KCO-1.,MAGNUM.ASF46.KCO-1. ASTANA KZ,Freedom Bank Kazakhstan,freedom_en.pdf,продукты,,MAGNUM.ASF46.KCO-1.,ASTANA KZ,ASTANA
2025-09-23,-430.00 ₸,-430.0,430.0,KZT,Acquiring,IP BERSINOVA S.IM.B.MOMYSH,IP BERSINOVA S.IM.B.MOMYSH KZ,Freedom Bank Kazakhstan,freedom_en.pdf,,IP,BERSINOVA S.IM.B.MOMYSH,KZ,
2025-09-24,-600.00 ₸,-600.0,600.0,KZT,Acquiring,IP BERSINOVA S.IM.B.MOMYSH,IP BERSINOVA S.IM.B.MOMYSH KZ,Freedom Bank Kazakhstan,freedom_en.pdf,,IP,BERSINOVA S.IM.B.MOMYSH,KZ,
2025-09-24,-650.00 ₸,-650.0,650.0,KZT,Acquiring,IP GLOBAL MANAGEMENT,IP GLOBAL MANAGEMENT ASTANA KZ,Freedom Bank Kazakhstan,freedom_en.pdf,,IP,GLOBAL MANAGEMENT,ASTANA KZ,ASTANA
2025-09-25,"-1,940.00 ₸",-1940.0,1940.0,KZT,Acquiring,IP GLOBAL MANAGEMENT,IP GLOBAL MANAGEMENT ASTANA KZ,Freedom Bank Kazakhstan,freedom_en.pdf,,IP,GLOBAL MANAGEMENT,ASTANA KZ,ASTANA
2025-09-25,"-1,385.00 ₸",-1385.0,1385.0,KZT,Acquiring,IP BERSINOVA S.IM.B.MOMYSH,IP BERSINOVA S.IM.B.MOMYSH KZ,Freedom Bank Kazakhstan,freedom_en.pdf,,IP,BERSINOVA S.IM.B.MOMYSH,KZ,
2025-09-25,-650.00 ₸,-650.0,650.0,KZT,Acquiring,IP GLOBAL MANAGEMENT,IP GLOBAL MANAGEMENT ASTANA KZ,Freedom Bank Kazakhstan,freedom_en.pdf,,IP,GLOBAL MANAGEMENT,ASTANA KZ,ASTANA
2025-09-26,"-1,430.00 ₸",-1430.0,1430.0,KZT,Acquiring,IP GLOBAL MANAGEMENT,IP GLOBAL MANAGEMENT ASTANA KZ,Freedom Bank Kazakhstan,freedom_en.pdf,,IP,GLOBAL MANAGEMENT,ASTANA KZ,ASTANA
2025-09-26,"-2,000.00 ₸",-2000.0,2000.0,KZT,Transfer,,Перевод с карты на карту,Freedom Bank Kazakhstan,freedom_en.pdf,переводы,,,,
2025-09-26,"-1,190.00 ₸",-1190.0,1190.0,KZT,Acquiring,IP BERSINOVA S.IM.B.MOMYSH,IP BERSINOVA S.IM.B.MOMYSH KZ,Freedom Bank Kazakhstan,freedom_en.pdf,,IP,BERSINOVA S.IM.B.MOMYSH,KZ,
2025-09-26,"-5,155.00 ₸",-5155.0,5155.0,KZT,Transfer,Лабакбай Болат Анварұлы . Безвозмездный перевод,Лабакбай Болат Анварұлы . Безвозмездный перевод,Freedom Bank Kazakhstan,freedom_en.pdf,переводы,,,,
2025-09-26,"+300,000.00 ₸",300000.0,300000.0,KZT,Replenishment,,Перевод с карты на карту,Freedom Bank Kazakhstan,freedom_en.pdf,переводы,,,,
2025-09-27,-365.00 ₸,-365.0,365.0,KZT,Acquiring,IP GLOBAL MANAGEMENT,IP GLOBAL MANAGEMENT ASTANA KZ,Freedom Bank Kazakhstan,freedom_en.pdf,,IP,GLOBAL MANAGEMENT,ASTANA KZ,ASTANA
2025-09-27,"-1,700.00 ₸",-1700.0,1700.0,KZT,Acquiring,IP BERSINOVA S.IM.B.MOMYSH,IP BERSINOVA S.IM.B.MOMYSH KZ,Freedom Bank Kazakhstan,freedom_en.pdf,,IP,BERSINOVA S.IM.B.MOMYSH,KZ,
2025-09-28,"-95,460.00 ₸",-95460.0,95460.0,KZT,Acquiring,THE BRITISH COUNCIL 441619577755 GB,THE BRITISH COUNCIL 441619577755 GB,Freedom Bank Kazakhstan,freedom_en.pdf,,,THE BRITISH COUNCIL 441619577755 GB,,
2025-09-28,-880.00 ₸,-880.0,880.0,KZT,Acquiring,HP CANTEEN,HP CANTEEN NUR-SULTAN KZ,Freedom Bank Kazakhstan,freedom_en.pdf,,,HP CANTEEN,KZ,ASTANA
2025-09-28,-365.00 ₸,-365.0,365.0,KZT,Acquiring,IP GLOBAL MANAGEMENT,IP GLOBAL MANAGEMENT ASTANA KZ,Freedom Bank Kazakhstan,freedom_en.pdf,,IP,GLOBAL MANAGEMENT,ASTANA KZ,ASTANA
2025-09-29,"-2,900.00 ₸",-2900.0,2900.0,KZT,Transfer,Лабакбай Болат Анварұлы . Безвозмездный перевод,Лабакбай Болат Анварұлы . Безвозмездный перевод,Freedom Bank Kazakhstan,freedom_en.pdf,переводы,,,,
2025-09-29,"-2,850.00 ₸",-2850.0,2850.0,KZT,Acquiring,TOO TA FARM,TOO TA FARM ASTANA KZ,Freedom Bank Kazakhstan,freedom_en.pdf,,TOO,TA FARM,ASTANA KZ,ASTANA
2025-09-29,-650.00 ₸,-650.0,650.0,KZT,Acquiring,IP GLOBAL MANAGEMENT,IP GLOBAL MANAGEMENT ASTANA KZ,Freedom Bank Kazakhstan,freedom_en.pdf,,IP,GLOBAL MANAGEMENT,ASTANA KZ,ASTANA
2025-09-29,"-1,090.00 ₸",-1090.0,1090.0,KZT,Acquiring,MAGNUM.ASF46.KCO-1.,MAGNUM.ASF46.KCO-1. ASTANA KZ,Freedom Bank Kazakhstan,freedom_en.pdf,продукты,,MAGNUM.ASF46.KCO-1.,ASTANA KZ,ASTANA
2025-09-29,"-6,000.00 ₸",-6000.0,6000.0,KZT,Transfer,,Перевод с карты на карту,Freedom Bank Kazakhstan,freedom_en.pdf,переводы,,,,
2025-09-29,-470.00 ₸,-470.0,470.0,KZT,Acquiring,IP BERSINOVA S.IM.B.MOMYSH,IP BERSINOVA S.IM.B.MOMYSH KZ,Freedom Bank Kazakhstan,freedom_en.pdf,,IP,BERSINOVA S.IM.B.MOMYSH,KZ,
2025-09-30,"-1,317.00 ₸",-1317.0,1317.0,KZT,Acquiring,IP GLOBAL MANAGEMENT,IP GLOBAL MANAGEMENT ASTANA KZ,Freedom Bank Kazakhstan,freedom_en.pdf,,IP,GLOBAL MANAGEMENT,ASTANA KZ,ASTANA
2025-09-30,"-20,000.00 ₸",-20000.0,20000.0,KZT,Transfer,,Перевод с карты на карту,Freedom Bank Kazakhstan,freedom_en.pdf,переводы,,,,
2025-09-30,"-1,730.00 ₸",-1730.0,1730.0,KZT,Acquiring,HP CANTEEN,HP CANTEEN NUR-SULTAN KZ,Freedom Bank Kazakhstan,freedom_en.pdf,,,HP CANTEEN,KZ,ASTANA
2025-09-30,"-35,000.00 ₸",-35000.0,35000.0,KZT,Transfer,Лабакбай Болат Анварұлы . Безвозмездный перевод,Лабакбай Болат Анварұлы . Безвозмездный перевод,Freedom Bank Kazakhstan,freedom_en.pdf,переводы,,,,
2025-09-30,"-50,000.00 ₸",-50000.0,50000.0,KZT,Transfer,Лабакбай Болат Анварұлы . Безвозмездный перевод,Лабакбай Болат Анварұлы . Безвозмездный перевод,Freedom Bank Kazakhstan,freedom_en.pdf,переводы,,,,
2025-09-30,-990.00 ₸,-990.0,990.0,KZT,Transfer,,Алимджанов Абдуррахман Закиржанович Безвозмездный перевод,Freedom Bank Kazakhstan,freedom_en.pdf,переводы,,,,
2025-10-01,-850.00 ₸,-850.0,850.0,KZT,Acquiring,IP GLOBAL MANAGEMENT,IP GLOBAL MANAGEMENT ASTANA KZ,Freedom Bank Kazakhstan,freedom_en.pdf,,IP,GLOBAL MANAGEMENT,ASTANA KZ,ASTANA
2025-10-01,"-2,500.00 ₸",-2500.0,2500.0,KZT,Transfer,,Перевод с карты на карту,Freedom Bank Kazakhstan,freedom_en.pdf,переводы,,,,
2025-10-01,"-76,568.00 ₸",-76568.0,76568.0,KZT,Acquiring,FINN FLARE BOUTIQUE,FINN FLARE BOUTIQUE ASTANA KZ,Freedom Bank Kazakhstan,freedom_en.pdf,,,FINN FLARE BOUTIQUE,ASTANA KZ,ASTANA
2025-10-01,"+30,000.00 ₸",30000.0,30000.0,KZT,Replenishment,,Перевод с карты на карту,Freedom Bank Kazakhstan,freedom_en.pdf,переводы,,,,
2025-10-01,-890.00 ₸,-890.0,890.0,KZT,Acquiring,ZEBRA COFFEE,ZEBRA COFFEE ASTANA KZ,Freedom Bank Kazakhstan,freedom_en.pdf,,,ZEBRA COFFEE,ASTANA KZ,ASTANA
2025-10-01,"-4,500.00 ₸",-4500.0,4500.0,KZT,Acquiring,ASTANA,Bahandi Mega Silkway ASTANA KZ,Freedom Bank Kazakhstan,freedom_en.pdf,,,Bahandi,Mega Silkway ASTANA KZ,ASTANA
2025-10-01,"-2,900.00 ₸",-2900.0,2900.0,KZT,Acquiring,BURGER KING MEGA SILK WAY,BURGER KING MEGA SILK WAY,Freedom Bank Kazakhstan,freedom_en.pdf,еда,,BURGER KING,MEGA SILK WAY,
2025-10-01,"+100,000.00 ₸",100000.0,100000.0,KZT,Replenishment,,Перевод с карты на карту,Freedom Bank Kazakhstan,freedom_en.pdf,переводы,,,,
2025-10-01,-890.00 ₸,-890.0,890.0,KZT,Acquiring,IP MUKAZHANOVA,IP MUKAZHANOVA NUR-SULTAN KZ,Freedom Bank Kazakhstan,freedom_en.pdf,,IP,MUKAZHANOVA,KZ,ASTANA
2025-10-01,"-1,550.00 ₸",-1550.0,1550.0,KZT,Acquiring,HEALTH PROJECT,HEALTH PROJECT NUR-SULTAN KZ,Freedom Bank Kazakhstan,freedom_en.pdf,,,HEALTH PROJECT,KZ,ASTANA
2025-10-01,+1.49 ₸,1.49,1.49,KZT,Replenishment,,Пополнение. Выплата процентов по вкладу № KZ09551H600021891KZT от 29.05.2025 за период с 01-го по 30.09.25. Вкладчик Арстангалиев Рауан Арманұлы,Freedom Bank Kazakhstan,freedom_en.pdf,,,,,
2025-10-02,"-1,590.00 ₸",-1590.0,1590.0,KZT,Acquiring,IP GLOBAL MANAGEMENT,IP GLOBAL MANAGEMENT ASTANA KZ,Freedom Bank Kazakhstan,freedom_en.pdf,,IP,GLOBAL MANAGEMENT,ASTANA KZ,ASTANA
2025-10-02,-950.00 ₸,-950.0,950.0,KZT,Acquiring,IP MAZHITOV,IP MAZHITOV ASTANA KZ,Freedom Bank Kazakhstan,freedom_en.pdf,,IP,MAZHITOV,ASTANA KZ,ASTANA
2025-10-02,-650.00 ₸,-650.0,650.0,KZT,Acquiring,IP GLOBAL MANAGEMENT,IP GLOBAL MANAGEMENT ASTANA KZ,Freedom Bank Kazakhstan,freedom_en.pdf,,IP,GLOBAL MANAGEMENT,ASTANA KZ,ASTANA
2025-10-03,-280.00 ₸,-280.0,280.0,KZT,Acquiring,IP GLOBAL MANAGEMENT,IP GLOBAL MANAGEMENT ASTANA KZ,Freedom Bank Kazakhstan,freedom_en.pdf,,IP,GLOBAL MANAGEMENT,ASTANA KZ,ASTANA
2025-10-03,-470.00 ₸,-470.0,470.0,KZT,Acquiring,IP BERSINOVA S.IM.B.MOMYSH,IP BERSINOVA S.IM.B.MOMYSH KZ,Freedom Bank Kazakhstan,freedom_en.pdf,,IP,BERSINOVA S.IM.B.MOMYSH,KZ,
2025-10-03,-310.00 ₸,-310.0,310.0,KZT,Acquiring,IP GREEN FOOD,IP GREEN FOOD ASTANA KZ,Freedom Bank Kazakhstan,freedom_en.pdf,еда,IP,GREEN FOOD,ASTANA KZ,ASTANA
2025-10-03,-900.00 ₸,-900.0,900.0,KZT,Acquiring,IP BERSINOVA S.IM.B.MOMYSH,IP BERSINOVA S.IM.B.MOMYSH KZ,Freedom Bank Kazakhstan,freedom_en.pdf,,IP,BERSINOVA S.IM.B.MOMYSH,KZ,
2025-10-04,-365.00 ₸,-365.0,365.0,KZT,Acquiring,IP GLOBAL MANAGEMENT,IP GLOBAL MANAGEMENT ASTANA KZ,Freedom Bank Kazakhstan,freedom_en.pdf,,IP,GLOBAL MANAGEMENT,ASTANA KZ,ASTANA
2025-10-04,-950.00 ₸,-950.0,950.0,KZT,Transfer,,Перевод с карты на карту,Freedom Bank Kazakhstan,freedom_en.pdf,переводы,,,,
2025-10-04,"-10,000.00 ₸",-10000.0,10000.0,KZT,Transfer,,Перевод с карты на карту,Freedom Bank Kazakhstan,freedom_en.pdf,переводы,,,,
2025-10-04,-650.00 ₸,-650.0,650.0,KZT,Acquiring,IP GLOBAL MANAGEMENT,IP GLOBAL MANAGEMENT ASTANA KZ,Freedom Bank Kazakhstan,freedom_en.pdf,,IP,GLOBAL MANAGEMENT,ASTANA KZ,ASTANA
2025-10-04,-970.00 ₸,-970.0,970.0,KZT,Acquiring,IP DANIYAROV A,IP DANIYAROV A ASTANA KZ,Freedom Bank Kazakhstan,freedom_en.pdf,,IP,DANIYAROV A,ASTANA KZ,ASTANA
2025-10-05,"-1,650.00 ₸",-1650.0,1650.0,KZT,Acquiring,HP CANTEEN,HP CANTEEN NUR-SULTAN KZ,Freedom Bank Kazakhstan,freedom_en.pdf,,,HP CANTEEN,KZ,ASTANA
2025-10-05,"-2,310.00 ₸",-2310.0,2310.0,KZT,Acquiring,YANDEX.EDA,YANDEX.EDA ALMATY KZ,Freedom Bank Kazakhstan,freedom_en.pdf,,,YANDEX.EDA,ALMATY KZ,ALMATY
2025-10-05,"-1,205.00 ₸",-1205.0,1205.0,KZT,Acquiring,IP TOLENDI S.AKKOL,IP TOLENDI S.AKKOL KZ,Freedom Bank Kazakhstan,freedom_en.pdf,,IP,TOLENDI S.AKKOL,KZ,
2025-10-05,"-1,625.00 ₸",-1625.0,1625.0,KZT,Acquiring,IP GLOBAL MANAGEMENT,IP GLOBAL MANAGEMENT ASTANA KZ,Freedom Bank Kazakhstan,freedom_en.pdf,,IP,GLOBAL MANAGEMENT,ASTANA KZ,ASTANA
2025-10-05,"-2,830.00 ₸",-2830.0,2830.0,KZT,Acquiring,HP CANTEEN,HP CANTEEN NUR-SULTAN KZ,Freedom Bank Kazakhstan,freedom_en.pdf,,,HP CANTEEN,KZ,ASTANA
2025-10-06,"-20,000.00 ₸",-20000.0,20000.0,KZT,Transfer,Лабакбай Болат Анварұлы . Безвозмездный перевод,Лабакбай Болат Анварұлы . Безвозмездный перевод,Freedom Bank Kazakhstan,freedom_en.pdf,переводы,,,,
2025-10-07,-840.00 ₸,-840.0,840.0,KZT,Acquiring,IP GLOBAL MANAGEMENT,IP GLOBAL MANAGEMENT ASTANA KZ,Freedom Bank Kazakhstan,freedom_en.pdf,,IP,GLOBAL MANAGEMENT,ASTANA KZ,ASTANA
2025-10-07,"+1,100.00 ₸",1100.0,1100.0,KZT,Replenishment,,Лабакбай Болат Анварұлы . Безвозмездный перевод,Freedom Bank Kazakhstan,freedom_en.pdf,переводы,,,,
2025-10-07,"-2,115.00 ₸",-2115.0,2115.0,KZT,Acquiring,GALMART SUPERMARKET KASS,GALMART SUPERMARKET KASS ASTANA KZ,Freedom Bank Kazakhstan,freedom_en.pdf,продукты,,GALMART SUPERMARKET KASS,ASTANA KZ,ASTANA
2025-10-07,"-1,600.00 ₸",-1600.0,1600.0,KZT,Acquiring,HP CANTEEN,HP CANTEEN NUR-SULTAN KZ,Freedom Bank Kazakhstan,freedom_en.pdf,,,HP CANTEEN,KZ,ASTANA
2025-10-07,"-15,000.00 ₸",-15000.0,15000.0,KZT,Transfer,,Перевод с карты на карту,Freedom Bank Kazakhstan,freedom_en.pdf,переводы,,,,
2025-10-07,-20.00 $,-20.0,20.0,USD,Acquiring,CLAUDE.AI SUBSCRIPTION 14152360599 US,CLAUDE.AI SUBSCRIPTION 14152360599 US,Freedom Bank Kazakhstan,freedom_en.pdf,,,CLAUDE.AI SUBSCRIPTION 14152360599 US,,
2025-10-07,+19.76 $,19.76,19.76,USD,Acquiring,Возврат. Отмена покупки,Возврат. Отмена покупки,Freedom Bank Kazakhstan,freedom_en.pdf,,,Возврат. Отмена покупки,,
2025-10-07,"-10,808.72 ₸",-10808.72,10808.72,KZT,Acquiring,Возврат. Отмена покупки,Возврат. Отмена покупки,Freedom Bank Kazakhstan,freedom_en.pdf,,,Возврат. Отмена покупки,,
2025-10-07,-20.00 $,-20.0,20.0,USD,Acquiring,Возврат. Отмена покупки,Возврат. Отмена покупки,Freedom Bank Kazakhstan,freedom_en.pdf,,,Возврат. Отмена покупки,,
2025-10-07,-20.00 $,-20.0,20.0,USD,Acquiring,CLAUDE.AI SUBSCRIPTION 14152360599 US,CLAUDE.AI SUBSCRIPTION 14152360599 US,Freedom Bank Kazakhstan,freedom_en.pdf,,,CLAUDE.AI SUBSCRIPTION 14152360599 US,,
2025-10-08,"+2,700.00 ₸",2700.0,2700.0,KZT,Replenishment,,Лабакбай Болат Анварұлы . Безвозмездный перевод,Freedom Bank Kazakhstan,freedom_en.pdf,переводы,,,,
2025-10-08,-930.00 ₸,-930.0,930.0,KZT,Acquiring,GALMART SUPERMARKET KASS,GALMART SUPERMARKET KASS ASTANA KZ,Freedom Bank Kazakhstan,freedom_en.pdf,продукты,,GALMART SUPERMARKET KASS,ASTANA KZ,ASTANA
2025-10-08,"-4,790.00 ₸",-4790.0,4790.0,KZT,Acquiring,DONER NA ABAYA MEGA,DONER NA ABAYA MEGA ALMATY,Freedom Bank Kazakhstan,freedom_en.pdf,еда,,DONER NA ABAYA,MEGA ALMATY,ALMATY
2025-10-08,-569.00 ₸,-569.0,569.0,KZT,Acquiring,MAGNUM.ASF46.KCO-1.,MAGNUM.ASF46.KCO-1. ASTANA KZ,Freedom Bank Kazakhstan,freedom_en.pdf,продукты,,MAGNUM.ASF46.KCO-1.,ASTANA KZ,ASTANA
2025-10-09,"-1,005.00 ₸",-1005.0,1005.0,KZT,Acquiring,IP BERSINOVA S.IM.B.MOMYSH,IP BERSINOVA S.IM.B.MOMYSH KZ,Freedom Bank Kazakhstan,freedom_en.pdf,,IP,BERSINOVA S.IM.B.MOMYSH,KZ,
2025-10-09,"-1,450.00 ₸",-1450.0,1450.0,KZT,Acquiring,ASTANA,TOO QluQva ASTANA KZ,Freedom Bank Kazakhstan,freedom_en.pdf,,TOO,QluQva,ASTANA KZ,ASTANA
2025-10-09,"-2,290.00 ₸",-2290.0,2290.0,KZT,Acquiring,IP GLOBAL MANAGEMENT,IP GLOBAL MANAGEMENT ASTANA KZ,Freedom Bank Kazakhstan,freedom_en.pdf,,IP,GLOBAL MANAGEMENT,ASTANA KZ,ASTANA
2025-10-09,-350.00 ₸,-350.0,350.0,KZT,Acquiring,IP GLOBAL MANAGEMENT,IP GLOBAL MANAGEMENT ASTANA KZ,Freedom Bank Kazakhstan,freedom_en.pdf,,IP,GLOBAL MANAGEMENT,ASTANA KZ,ASTANA
2025-10-09,"-150,000.00 ₸",-150000.0,150000.0,KZT,Transfer,,Перевод с карты на карту,Freedom Bank Kazakhstan,freedom_en.pdf,переводы,,,,
2025-10-09,"+300,000.00 ₸",300000.0,300000.0,KZT,Replenishment,,Перевод с карты на карту,Freedom Bank Kazakhstan,freedom_en.pdf,переводы,,,,
2025-10-10,-850.00 ₸,-850.0,850.0,KZT,Acquiring,IP GLOBAL MANAGEMENT,IP GLOBAL MANAGEMENT ASTANA KZ,Freedom Bank Kazakhstan,freedom_en.pdf,,IP,GLOBAL MANAGEMENT,ASTANA KZ,ASTANA
2025-10-10,"-1,390.00 ₸",-1390.0,1390.0,KZT,Acquiring,IP GLOBAL MANAGEMENT,IP GLOBAL MANAGEMENT ASTANA KZ,Freedom Bank Kazakhstan,freedom_en.pdf,,IP,GLOBAL MANAGEMENT,ASTANA KZ,ASTANA
2025-10-10,-600.00 ₸,-600.0,600.0,KZT,Acquiring,IP BERSINOVA S.IM.B.MOMYSH,IP BERSINOVA S.IM.B.MOMYSH KZ,Freedom Bank Kazakhstan,freedom_en.pdf,,IP,BERSINOVA S.IM.B.MOMYSH,KZ,
2025-10-10,"-150,000.00 ₸",-150000.0,150000.0,KZT,Transfer,,Перевод с карты на карту,Freedom Bank Kazakhstan,freedom_en.pdf,переводы,,,,
2025-10-11,"-2,220.00 ₸",-2220.0,2220.0,KZT,Acquiring,YANDEX.EDA,YANDEX.EDA ALMATY KZ,Freedom Bank Kazakhstan,freedom_en.pdf,,,YANDEX.EDA,ALMATY KZ,ALMATY
2025-10-12,"-1,880.00 ₸",-1880.0,1880.0,KZT,Acquiring,YANDEX.EDA,YANDEX.EDA ALMATY KZ,Freedom Bank Kazakhstan,freedom_en.pdf,,,YANDEX.EDA,ALMATY KZ,ALMATY
2025-10-12,"-1,068.00 ₸",-1068.0,1068.0,KZT,Acquiring,MAGNUM.ASF46.KCO-1.,MAGNUM.ASF46.KCO-1. ASTANA KZ,Freedom Bank Kazakhstan,freedom_en.pdf,продукты,,MAGNUM.ASF46.KCO-1.,ASTANA KZ,ASTANA
2025-10-12,"+53,000.00 ₸",53000.0,53000.0,KZT,Replenishment,,Перевод с карты на карту,Freedom Bank Kazakhstan,freedom_en.pdf,переводы,,,,
2025-10-12,-610.00 ₸,-610.0,610.0,KZT,Acquiring,IP BERSINOVA S.IM.B.MOMYSH,IP BERSINOVA S.IM.B.MOMYSH KZ,Freedom Bank Kazakhstan,freedom_en.pdf,,IP,BERSINOVA S.IM.B.MOMYSH,KZ,
2025-10-12,"-1,860.00 ₸",-1860.0,1860.0,KZT,Acquiring,YANDEX.EDA,YANDEX.EDA ALMATY KZ,Freedom Bank Kazakhstan,freedom_en.pdf,,,YANDEX.EDA,ALMATY KZ,ALMATY
2025-10-12,"-2,110.00 ₸",-2110.0,2110.0,KZT,Acquiring,YANDEX.EDA,YANDEX.EDA ALMATY KZ,Freedom Bank Kazakhstan,freedom_en.pdf,,,YANDEX.EDA,ALMATY KZ,ALMATY
2025-10-13,"-2,430.00 ₸",-2430.0,2430.0,KZT,Acquiring,YANDEX.EDA,YANDEX.EDA ALMATY KZ,Freedom Bank Kazakhstan,freedom_en.pdf,,,YANDEX.EDA,ALMATY KZ,ALMATY
2025-10-13,"-45,403.00 ₸",-45403.0,45403.0,KZT,Acquiring,PINGWIN PREMIUM BOULING,PINGWIN PREMIUM BOULING ASTANA KZ,Freedom Bank Kazakhstan,freedom_en.pdf,,,PINGWIN PREMIUM BOULING,ASTANA KZ,ASTANA
2025-10-14,"-1,155.00 ₸",-1155.0,1155.0,KZT,Acquiring,IP BERSINOVA S.IM.B.MOMYSH,IP BERSINOVA S.IM.B.MOMYSH KZ,Freedom Bank Kazakhstan,freedom_en.pdf,,IP,BERSINOVA S.IM.B.MOMYSH,KZ,
2025-10-14,"-1,090.00 ₸",-1090.0,1090.0,KZT,Acquiring,TOO KOFE LOVE,TOO KOFE LOVE ASTANA KZ,Freedom Bank Kazakhstan,freedom_en.pdf,,TOO,KOFE LOVE,ASTANA KZ,ASTANA
2025-10-14,"-1,290.00 ₸",-1290.0,1290.0,KZT,Acquiring,TOO KOFE LOVE,TOO KOFE LOVE ASTANA KZ,Freedom Bank Kazakhstan,freedom_en.pdf,,TOO,KOFE LOVE,ASTANA KZ,ASTANA
2025-10-14,"-2,040.00 ₸",-2040.0,2040.0,KZT,Acquiring,TOO KOFE LOVE,TOO KOFE LOVE ASTANA KZ,Freedom Bank Kazakhstan,freedom_en.pdf,,TOO,KOFE LOVE,ASTANA KZ,ASTANA
2025-10-14,"-2,220.00 ₸",-2220.0,2220.0,KZT,Acquiring,YANDEX.EDA,YANDEX.EDA ALMATY KZ,Freedom Bank Kazakhstan,freedom_en.pdf,,,YANDEX.EDA,ALMATY KZ,ALMATY
2025-10-15,"-2,060.00 ₸",-2060.0,2060.0,KZT,Acquiring,IP BERSINOVA S.IM.B.MOMYSH,IP BERSINOVA S.IM.B.MOMYSH KZ,Freedom Bank Kazakhstan,freedom_en.pdf,,IP,BERSINOVA S.IM.B.MOMYSH,KZ,
2025-10-15,"-2,680.00 ₸",-2680.0,2680.0,KZT,Acquiring,IP SARSEN,IP SARSEN ASTANA KZ,Freedom Bank Kazakhstan,freedom_en.pdf,,IP,SARSEN,ASTANA KZ,ASTANA
2025-10-16,-840.00 ₸,-840.0,840.0,KZT,Acquiring,IP BERSINOVA S.IM.B.MOMYSH,IP BERSINOVA S.IM.B.MOMYSH KZ,Freedom Bank Kazakhstan,freedom_en.pdf,,IP,BERSINOVA S.IM.B.MOMYSH,KZ,
2025-10-17,"-150,000.00 ₸",-150000.0,150000.0,KZT,Transfer,,Перевод с карты на карту,Freedom Bank Kazakhstan,freedom_en.pdf,переводы,,,,
2025-10-17,"+159,800.00 ₸",159800.0,159800.0,KZT,Replenishment,,Перевод с карты на карту,Freedom Bank Kazakhstan,freedom_en.pdf,переводы,,,,
2025-10-17,"-1,335.00 ₸",-1335.0,1335.0,KZT,Acquiring,IP BERSINOVA S.IM.B.MOMYSH,IP BERSINOVA S.IM.B.MOMYSH KZ,Freedom Bank Kazakhstan,freedom_en.pdf,,IP,BERSINOVA S.IM.B.MOMYSH,KZ,
2025-10-18,"-1,000.00 ₸",-1000.0,1000.0,KZT,Acquiring,IP ELEUOV,IP ELEUOV ASTANA KZ,Freedom Bank Kazakhstan,freedom_en.pdf,,IP,ELEUOV,ASTANA KZ,ASTANA
2025-10-18,"+26,000.00 ₸",26000.0,26000.0,KZT,Replenishment,,Лабакбай Болат Анварұлы . Безвозмездный перевод,Freedom Bank Kazakhstan,freedom_en.pdf,переводы,,,,
2025-10-18,"-3,845.00 ₸",-3845.0,3845.0,KZT,Acquiring,IP DANIYAROV A,IP DANIYAROV A ASTANA KZ,Freedom Bank Kazakhstan,freedom_en.pdf,,IP,DANIYAROV A,ASTANA KZ,ASTANA
2025-10-19,"-2,500.00 ₸",-2500.0,2500.0,KZT,Transfer,Лабакбай Болат Анварұлы . Безвозмездный перевод,Лабакбай Болат Анварұлы . Безвозмездный перевод,Freedom Bank Kazakhstan,freedom_en.pdf,переводы,,,,
2025-10-20,"-4,275.00 ₸",-4275.0,4275.0,KZT,Acquiring,IP BERSINOVA S.IM.B.MOMYSH,IP BERSINOVA S.IM.B.MOMYSH KZ,Freedom Bank Kazakhstan,freedom_en.pdf,,IP,BERSINOVA S.IM.B.MOMYSH,KZ,
2025-10-20,"-1,300.00 ₸",-1300.0,1300.0,KZT,Acquiring,GALA MARKET MINIMARKET,GALA MARKET MINIMARKET ASTANA KZ,Freedom Bank Kazakhstan,freedom_en.pdf,продукты,,GALA MARKET MINIMARKET,ASTANA KZ,ASTANA
2025-10-20,"-4,000.00 ₸",-4000.0,4000.0,KZT,Acquiring,IP AYSHAGUL ARYS,IP AYSHAGUL ARYS KZ,Freedom Bank Kazakhstan,freedom_en.pdf,,IP,AYSHAGUL ARYS,KZ,
2025-10-22,"-3,400.00 ₸",-3400.0,3400.0,KZT,Acquiring,GALMART SUPERMARKET KASS,GALMART SUPERMARKET KASS ASTANA KZ,Freedom Bank Kazakhstan,freedom_en.pdf,продукты,,GALMART SUPERMARKET KASS,ASTANA KZ,ASTANA
2025-10-22,-450.00 ₸,-450.0,450.0,KZT,Acquiring,IP BERSINOVA S.IM.B.MOMYSH,IP BERSINOVA S.IM.B.MOMYSH KZ,Freedom Bank Kazakhstan,freedom_en.pdf,,IP,BERSINOVA S.IM.B.MOMYSH,KZ,
2025-10-22,"-10,000.00 ₸",-10000.0,10000.0,KZT,Transfer,,Абикен Дамир Бауржанұлы Безвозмездный перевод,Freedom Bank Kazakhstan,freedom_en.pdf,переводы,,,,
2025-10-22,"-3,260.00 ₸",-3260.0,3260.0,KZT,Acquiring,IP SARSEN,IP SARSEN ASTANA KZ,Freedom Bank Kazakhstan,freedom_en.pdf,,IP,SARSEN,ASTANA KZ,ASTANA
2025-10-24,"-21,340.00 ₸",-21340.0,21340.0,KZT,Acquiring,IP SMAGULOVA M,IP SMAGULOVA M ASTANA Q.,Freedom Bank Kazakhstan,freedom_en.pdf,,IP,SMAGULOVA M,ASTANA,ASTANA
2025-10-24,"+150,000.00 ₸",150000.0,150000.0,KZT,Replenishment,,Перевод с карты на карту,Freedom Bank Kazakhstan,freedom_en.pdf,переводы,,,,
2025-10-24,-950.00 ₸,-950.0,950.0,KZT,Acquiring,YANDEX.EDA,YANDEX.EDA ALMATY KZ,Freedom Bank Kazakhstan,freedom_en.pdf,,,YANDEX.EDA,ALMATY KZ,ALMATY
2025-10-24,"-1,400.00 ₸",-1400.0,1400.0,KZT,Acquiring,IP RN CO,IP RN CO NUR-SULTAN KZ,Freedom Bank Kazakhstan,freedom_en.pdf,,IP,RN CO,KZ,ASTANA
2025-10-24,-300.00 ₸,-300.0,300.0,KZT,Acquiring,HEALTH PROJECT,HEALTH PROJECT NUR-SULTAN KZ,Freedom Bank Kazakhstan,freedom_en.pdf,,,HEALTH PROJECT,KZ,ASTANA
2025-10-24,"-5,000.00 ₸",-5000.0,5000.0,KZT,Transfer,,Перевод с карты на карту,Freedom Bank Kazakhstan,freedom_en.pdf,переводы,,,,
2025-10-24,"-1,660.00 ₸",-1660.0,1660.0,KZT,Acquiring,IP BERSINOVA S.IM.B.MOMYSH,IP BERSINOVA S.IM.B.MOMYSH KZ,Freedom Bank Kazakhstan,freedom_en.pdf,,IP,BERSINOVA S.IM.B.MOMYSH,KZ,
2025-10-24,"-2,000.00 ₸",-2000.0,2000.0,KZT,Transfer,,Безвозмездный перевод,Freedom Bank Kazakhstan,freedom_en.pdf,переводы,,,,
2025-10-25,-950.00 ₸,-950.0,950.0,KZT,Transfer,,Перевод с карты на карту,Freedom Bank Kazakhstan,freedom_en.pdf,переводы,,,,
2025-10-25,"-3,600.00 ₸",-3600.0,3600.0,KZT,Transfer,,Перевод с карты на карту,Freedom Bank Kazakhstan,freedom_en.pdf,переводы,,,,
2025-10-25,-615.00 ₸,-615.0,615.0,KZT,Acquiring,IP BERSINOVA S.IM.B.MOMYSH,IP BERSINOVA S.IM.B.MOMYSH KZ,Freedom Bank Kazakhstan,freedom_en.pdf,,IP,BERSINOVA S.IM.B.MOMYSH,KZ,
2025-10-25,"-2,060.00 ₸",-2060.0,2060.0,KZT,Others,по договору KZ09551H600021891KZT в сумме 72796,по договору KZ09551H600021891KZT в сумме 72796 KZT. Вкладчик:Арстангалиев Рауан Арманұлы.,Freedom Bank Kazakhstan,freedom_en.pdf,,,,,
2025-10-25,+400.00 ₸,400.0,400.0,KZT,Replenishment,,Лабакбай Болат Анварұлы . Безвозмездный перевод,Freedom Bank Kazakhstan,freedom_en.pdf,переводы,,,,
2025-10-25,"-4,660.00 ₸",-4660.0,4660.0,KZT,Acquiring,YANDEX.EDA,YANDEX.EDA ALMATY KZ,Freedom Bank Kazakhstan,freedom_en.pdf,,,YANDEX.EDA,ALMATY KZ,ALMATY
2025-10-25,"+6,320.00 ₸",6320.0,6320.0,KZT,Replenishment,,Лабакбай Болат Анварұлы . Безвозмездный перевод,Freedom Bank Kazakhstan,freedom_en.pdf,переводы,,,,
2025-10-26,"-1,000.00 ₸",-1000.0,1000.0,KZT,Acquiring,IP BERSINOVA S.IM.B.MOMYSH,IP BERSINOVA S.IM.B.MOMYSH KZ,Freedom Bank Kazakhstan,freedom_en.pdf,,IP,BERSINOVA S.IM.B.MOMYSH,KZ,
2025-10-26,"-4,000.00 ₸",-4000.0,4000.0,KZT,Transfer,,Перевод с карты на карту,Freedom Bank Kazakhstan,freedom_en.pdf,переводы,,,,
2025-10-26,-500.00 ₸,-500.0,500.0,KZT,Acquiring,IP ALFA GAME CLUB,IP ALFA GAME CLUB ASTANA,Freedom Bank Kazakhstan,freedom_en.pdf,,IP,ALFA GAME CLUB,ASTANA,ASTANA
2025-10-26,"-6,100.00 ₸",-6100.0,6100.0,KZT,Acquiring,BOOK CAFE,BOOK CAFE ASTANA Q. KZ,Freedom Bank Kazakhstan,freedom_en.pdf,еда,,BOOK CAFE,ASTANA KZ,ASTANA
2025-10-26,"-2,140.00 ₸",-2140.0,2140.0,KZT,Acquiring,YANDEX.EDA,YANDEX.EDA ALMATY KZ,Freedom Bank Kazakhstan,freedom_en.pdf,,,YANDEX.EDA,ALMATY KZ,ALMATY
2025-10-26,-486.00 ₸,-486.0,486.0,KZT,Acquiring,IP DANIYAROV A,IP DANIYAROV A ASTANA KZ,Freedom Bank Kazakhstan,freedom_en.pdf,,IP,DANIYAROV A,ASTANA KZ,ASTANA
2025-10-27,-486.00 ₸,-486.0,486.0,KZT,Acquiring,IP DANIYAROV A,IP DANIYAROV A ASTANA KZ,Freedom Bank Kazakhstan,freedom_en.pdf,,IP,DANIYAROV A,ASTANA KZ,ASTANA
2025-10-28,"-1,070.00 ₸",-1070.0,1070.0,KZT,Acquiring,SUPERMARKET GALMART,SUPERMARKET GALMART NUR-SULTAN KZ,Freedom Bank Kazakhstan,freedom_en.pdf,продукты,,SUPERMARKET GALMART,KZ,ASTANA
2025-10-28,"-33,600.00 ₸",-33600.0,33600.0,KZT,Acquiring,TLP ASTANA Nur-Sultan KZ,TLP ASTANA Nur-Sultan KZ,Freedom Bank Kazakhstan,freedom_en.pdf,,,TLP,ASTANA KZ,ASTANA
2025-10-28,"-50,000.00 ₸",-50000.0,50000.0,KZT,Transfer,,Перевод с карты на карту,Freedom Bank Kazakhstan,freedom_en.pdf,переводы,,,,
2025-10-28,-610.00 ₸,-610.0,610.0,KZT,Acquiring,IP BERSINOVA S.IM.B.MOMYSH,IP BERSINOVA S.IM.B.MOMYSH KZ,Freedom Bank Kazakhstan,freedom_en.pdf,,IP,BERSINOVA S.IM.B.MOMYSH,KZ,
2025-10-28,"-1,180.00 ₸",-1180.0,1180.0,KZT,Acquiring,IP BERSINOVA S.IM.B.MOMYSH,IP BERSINOVA S.IM.B.MOMYSH KZ,Freedom Bank Kazakhstan,freedom_en.pdf,,IP,BERSINOVA S.IM.B.MOMYSH,KZ,
2025-10-29,"-1,450.00 ₸",-1450.0,1450.0,KZT,Acquiring,IP BERSINOVA S.IM.B.MOMYSH,IP BERSINOVA S.IM.B.MOMYSH KZ,Freedom Bank Kazakhstan,freedom_en.pdf,,IP,BERSINOVA S.IM.B.MOMYSH,KZ,
2025-10-30,"-3,500.00 ₸",-3500.0,3500.0,KZT,Transfer,,Әкімәлі Едіге Сержанұлы Безвозмездный перевод,Freedom Bank Kazakhstan,freedom_en.pdf,переводы,,,,
2025-10-30,-575.00 ₸,-575.0,575.0,KZT,Acquiring,IP BERSINOVA S.IM.B.MOMYSH,IP BERSINOVA S.IM.B.MOMYSH KZ,Freedom Bank Kazakhstan,freedom_en.pdf,,IP,BERSINOVA S.IM.B.MOMYSH,KZ,
2025-10-31,"-27,000.00 ₸",-27000.0,27000.0,KZT,Transfer,,Перевод с карты на карту,Freedom Bank Kazakhstan,freedom_en.pdf,переводы,,,,
2025-10-31,"-4,850.00 ₸",-4850.0,4850.0,KZT,Pending amount,BUTIK MARWIN IPP 2,BUTIK MARWIN IPP 2 ASTANA KZ,Freedom Bank Kazakhstan,freedom_en.pdf,,IPP,BUTIK MARWIN 2,ASTANA KZ,ASTANA
2025-10-31,"-7,900.00 ₸",-7900.0,7900.0,KZT,Pending amount,ALYE PARUSA MEGA SILK WAY,ALYE PARUSA MEGA SILK WAY ASTANA KZ,Freedom Bank Kazakhstan,freedom_en.pdf,,,ALYE PARUSA,MEGA SILK WAY ASTANA KZ,ASTANA
2025-10-31,-550.00 ₸,-550.0,550.0,KZT,Pending amount,CHOCOLATE 2,CHOCOLATE 2 NUR-SULTAN KZ,Freedom Bank Kazakhstan,freedom_en.pdf,,,CHOCOLATE 2,KZ,ASTANA
2025-10-31,"-72,796.00 ₸",-72796.0,72796.0,KZT,Others,,по договору KZ09551H600021891KZT в сумме 72796 KZT. Вкладчик:Арстангалиев Рауан Арманұлы.,Freedom Bank Kazakhstan,freedom_en.pdf,,,,,
2025-10-31,"-1,214.00 ₸",-1214.0,1214.0,KZT,Pending amount,MAGNUM.NSF15.KASSA-1.,MAGNUM.NSF15.KASSA-1. ASTANA KZ,Freedom Bank Kazakhstan,freedom_en.pdf,продукты,,MAGNUM.NSF15.KASSA-1.,ASTANA KZ,ASTANA
2025-10-31,"-25,990.00 ₸",-25990.0,25990.0,KZT,Pending amount,ZARA HOME KSH3 BOUTIQUE,ZARA HOME KSH3 BOUTIQUE ASTANA KZ,Freedom Bank Kazakhstan,freedom_en.pdf,,,ZARA HOME KSH3 BOUTIQUE,ASTANA KZ,ASTANA
2025-10-31,"+100,000.00 ₸",100000.0,100000.0,KZT,Replenishment,,Перевод с карты на карту,Freedom Bank Kazakhstan,freedom_en.pdf,переводы,,,,
2025-11-01,"-1,120.00 ₸",-1120.0,1120.0,KZT,Pending amount,IP BERSINOVA S.IM.B.MOMYSH,IP BERSINOVA S.IM.B.MOMYSH KZ,Freedom Bank Kazakhstan,freedom_en.pdf,,IP,BERSINOVA S.IM.B.MOMYSH,KZ,
2025-11-01,"-7,623.00 ₸",-7623.0,7623.0,KZT,Pending amount,YANDEX.EDA,YANDEX.EDA ALMATY KZ,Freedom Bank Kazakhstan,freedom_en.pdf,,,YANDEX.EDA,ALMATY KZ,ALMATY
2025-11-01,"-5,000.00 ₸",-5000.0,5000.0,KZT,Pending amount,Перевод с карты на карту,Перевод с карты на карту,Freedom Bank Kazakhstan,freedom_en.pdf,переводы,,Перевод с карты на карту,,
